-- phpMyAdmin SQL Dump
-- version 3.5.8.2
-- http://www.phpmyadmin.net
--
-- Host: 192.168.23.16:3306
-- Generation Time: Feb 03, 2016 at 10:32 AM
-- Server version: 5.1.73
-- PHP Version: 5.4.16

SET SQL_MODE="NO_AUTO_VALUE_ON_ZERO";
SET time_zone = "+00:00";


/*!40101 SET @OLD_CHARACTER_SET_CLIENT=@@CHARACTER_SET_CLIENT */;
/*!40101 SET @OLD_CHARACTER_SET_RESULTS=@@CHARACTER_SET_RESULTS */;
/*!40101 SET @OLD_COLLATION_CONNECTION=@@COLLATION_CONNECTION */;
/*!40101 SET NAMES utf8 */;

--
-- Database: `speaqusMVP`
--

-- --------------------------------------------------------

--
-- Table structure for table `expertise`
--

CREATE TABLE IF NOT EXISTS `expertise` (
  `expertise_id` int(11) NOT NULL AUTO_INCREMENT,
  `expertise_name` varchar(50) NOT NULL,
  PRIMARY KEY (`expertise_id`)
) ENGINE=InnoDB  DEFAULT CHARSET=latin1 AUTO_INCREMENT=287 ;

--
-- Dumping data for table `expertise`
--

INSERT INTO `expertise` (`expertise_id`, `expertise_name`) VALUES
(1, 'Microsoft Office Excel'),
(2, 'Leadership'),
(3, 'Business'),
(4, 'Marketing'),
(5, 'Video Editing'),
(6, 'Entrepreneurship'),
(7, 'A'),
(8, 'Asd'),
(9, 'Dsa'),
(10, 'Neuro Linguistic Programming'),
(11, 'Hrm'),
(12, 'Services'),
(13, 'Coaching'),
(14, 'Consultant'),
(15, 'Nlp'),
(16, 'Communication'),
(17, 'Motivation'),
(18, 'Programming'),
(19, 'Sdf'),
(20, 'Quantum Leadership'),
(21, 'HSE'),
(22, 'Energy Management'),
(23, ''),
(24, 'IT'),
(25, 'Fire risk'),
(26, 'Startup'),
(27, 'Moderation'),
(28, 'Game'),
(29, 'Software'),
(30, 'Photshop'),
(31, 'Photoshop'),
(32, 'Graphic Design'),
(33, 'Computer'),
(34, 'Powerpoint'),
(35, 'Microsoft'),
(36, 'Microsoft Powerpoint'),
(37, 'Presentation'),
(38, 'English'),
(39, 'Literature'),
(40, 'TOEFL'),
(41, 'Mobile Application'),
(42, 'Android'),
(43, 'Eclipse'),
(44, 'Java'),
(45, 'Table Tennis'),
(46, 'SEM'),
(47, 'Search Engine Marketing'),
(48, 'Digital Marketing'),
(49, 'Search Engine Optimization'),
(50, 'Negotiation'),
(51, 'Technopreneur'),
(52, 'PHP'),
(53, 'Ruby on Rails'),
(54, 'Python'),
(55, 'Go Language'),
(56, 'Public Speaking'),
(57, 'DevOps'),
(58, 'Mobile App Development'),
(59, 'Web Design'),
(60, 'Web Development'),
(61, 'User Interface'),
(62, 'HTML'),
(63, 'CSS'),
(64, 'b'),
(65, 'Laravel'),
(66, 'UI/UX'),
(67, 'Banking'),
(68, 'Law'),
(69, 'Business Contract'),
(70, 'Corporate Law'),
(71, 'sales'),
(72, 'selling skill'),
(73, 'Soft Skill'),
(74, 'Technical Skill'),
(75, 'Hospital Planning'),
(76, 'Healthcare Consulting'),
(77, 'Business Modeling'),
(78, 'Exam Cisco'),
(79, 'Exam Juniper'),
(80, 'PMP'),
(81, 'Exam Blucoat'),
(82, 'F5 certification'),
(83, 'avaya'),
(84, 'Juniper Networks'),
(85, 'Sales and Service with Salesbrity Program'),
(86, 'Training'),
(87, 'Financial'),
(88, 'Web Programming'),
(89, 'Codeigniter'),
(90, 'AJAX'),
(91, 'JQUERY'),
(92, 'MySQL'),
(93, 'Database Architecture'),
(94, 'Amazon Compute Cloud '),
(95, 'Amazon Block Storage'),
(96, 'Amazon Virtual Private Cloud'),
(97, 'Amazon DynamoDB'),
(98, 'Cloud Formation'),
(99, 'Digital Industry'),
(100, 'Javascript'),
(101, 'motivator'),
(102, 'awareness'),
(103, 'persuasion'),
(104, 'Mandarin'),
(105, 'Writing'),
(106, 'Pitching'),
(107, 'Investor'),
(108, 'Seed Fund'),
(109, '7 Universal Law'),
(110, 'Life Inspiration'),
(111, 'movie'),
(112, 'Entertainment'),
(113, 'SEO'),
(114, 'cold calling'),
(115, 'reseller'),
(116, 'test'),
(117, 'test2'),
(118, 'test3'),
(119, 'awardtest'),
(120, 'teleservice'),
(121, 'teleselling'),
(122, 'cross selling'),
(123, 'sales excellence'),
(124, 'sales intelligent'),
(125, 'selling'),
(126, 'service excellence'),
(127, 'personality development'),
(128, 'canvassing'),
(129, 'business development'),
(130, 'active selling'),
(131, 'inbound'),
(132, 'call center'),
(133, 'telesales'),
(134, 'prospecting'),
(135, 'consultative selling'),
(136, 'service development'),
(137, 'persuasive'),
(138, 'property'),
(139, 'train for trainer'),
(140, 'telemarketing'),
(141, 'adaptive selling'),
(142, 'AIDDA'),
(143, 'brand'),
(144, 'positive psychology'),
(145, 'emotional intelligence'),
(146, 'stress management'),
(147, 'EQ'),
(148, 'character building'),
(149, 'soft skills'),
(150, 'psychology'),
(151, 'parenting'),
(152, 'experiential learning'),
(153, 'quantum learning'),
(154, 'Internet Marketing'),
(155, 'Organization Management'),
(156, 'HRD Management'),
(157, 'Training Management'),
(158, 'Training Design '),
(159, 'Training Design Development'),
(160, 'Trainer Development'),
(161, 'Presentation Skill'),
(162, 'Managerial Skills'),
(163, 'Negotiation Skill'),
(164, 'Interviewing Skill'),
(165, 'Team Building'),
(166, 'Mindset'),
(167, 'Professionalism'),
(168, 'Personal Development'),
(169, 'Organization Effectiveness'),
(170, 'Personal Coaching'),
(171, 'Life Planning'),
(172, 'Development'),
(173, 'Consulting'),
(174, 'Quality Health Safety And Environment'),
(175, 'K3'),
(176, 'Microsoft Office'),
(177, '3D Animation '),
(178, '3D Architecture'),
(179, 'Manga'),
(180, 'pt mutu agung'),
(181, 'pt wijaya karys'),
(182, 'coding'),
(183, 'Daabase Architecture'),
(184, 'facilities management'),
(185, 'Microsoft Excel'),
(186, 'pajak'),
(187, 'pengenalan pajak'),
(188, 'pajak penghasilan'),
(189, 'Compensation n Benefits'),
(190, 'Training employees'),
(191, 'Recruitment'),
(192, 'online advertising'),
(193, 'online media'),
(194, 'IT infrastuktur'),
(195, 'MEP'),
(196, 'Security Management'),
(197, 'Human Resources'),
(198, 'Goverment Relation'),
(199, 'External Relation'),
(200, 'Training Development'),
(201, 'Recruiting'),
(202, 'General Affair'),
(203, 'EO Management'),
(204, 'Website'),
(205, 'Social Media'),
(206, 'SMM'),
(207, 'asdasdxczxc'),
(208, 'adasd'),
(209, 'All in Taxation and Accounting'),
(210, 'PPh Pasal 21'),
(211, 'PPh Pasal 23'),
(212, 'PPh Pasal 22'),
(213, 'Pajak Pertambahan Nilai (PPN) PUT'),
(214, 'Perencanaan Keuangan Negara'),
(215, 'In House Training'),
(216, 'Tax In House Training'),
(217, 'In House Training Pajak Brevet AB'),
(218, 'Brevet Pajak A '),
(219, 'okey'),
(220, 'tester'),
(221, 'service'),
(222, 'hospitality industry'),
(223, 'tidur'),
(224, 'Organization Development'),
(225, 'Train the Trainer'),
(226, 'Analyzing Issues'),
(227, 'People Development'),
(228, 'Market Research'),
(229, 'Problem Solving'),
(230, 'Event Coordination'),
(231, 'Organizational Development'),
(232, 'Marketing Communications'),
(233, 'mangap'),
(234, 'active call center'),
(235, 'consultative service development'),
(236, 'sellingcanvassing'),
(237, 'active sales'),
(238, 'canvassingbusiness development'),
(239, 'active inbound'),
(240, 'teleprospecting'),
(241, 'consultative teleservice'),
(242, 'teleproperty'),
(243, 'adaptive teleteleteleservice'),
(244, 'teleconsultative teleservice'),
(245, 'teleconsultative persuasion'),
(246, 'telecommunication'),
(247, 'Indonesia'),
(248, 'Jakarta'),
(249, 'WebAdmin'),
(250, 'distribution sales'),
(251, 'keren'),
(252, 'mantep'),
(253, 'Power Point'),
(254, 'Slide'),
(255, 'Gamification'),
(256, 'Finance'),
(257, 'Linux'),
(258, 'Apache'),
(259, 'Nginx'),
(260, 'Github'),
(261, 'Design'),
(262, 'Architecture'),
(263, 'Management'),
(264, 'Oracle'),
(265, 'active business development'),
(266, 'branding'),
(267, 'account management'),
(268, 'excellence service'),
(269, 'salesman'),
(270, 'phone'),
(271, 'service to sales'),
(272, 'account'),
(273, 'Culture'),
(274, 'Service Marketing'),
(275, 'Financial Planning'),
(276, 'Psikologi Organisasi'),
(277, 'Komunikasi'),
(278, 'Team Work'),
(279, 'Purnabhakti'),
(280, 'Investasi'),
(281, 'Wira Usaha'),
(282, 'Motivasi'),
(283, 'OD'),
(284, 'Research'),
(285, 'sertifikasi'),
(286, 'Cisco');

-- --------------------------------------------------------

--
-- Table structure for table `group`
--

CREATE TABLE IF NOT EXISTS `group` (
  `group_id` int(11) NOT NULL AUTO_INCREMENT,
  `group_type_id` int(11) NOT NULL,
  `group_name` varchar(100) NOT NULL,
  `group_email` varchar(100) NOT NULL,
  `summary` text NOT NULL,
  `group_phone_number` varchar(30) NOT NULL,
  `group_profile_picture` varchar(100) NOT NULL,
  `group_cover_image` varchar(200) NOT NULL,
  `group_slug` varchar(200) NOT NULL,
  PRIMARY KEY (`group_id`)
) ENGINE=InnoDB  DEFAULT CHARSET=latin1 AUTO_INCREMENT=273 ;

--
-- Dumping data for table `group`
--

INSERT INTO `group` (`group_id`, `group_type_id`, `group_name`, `group_email`, `summary`, `group_phone_number`, `group_profile_picture`, `group_cover_image`, `group_slug`) VALUES
(1, 2, 'BINUS CENTER', '', '', '0', 'default.png', 'default.jpg', '1'),
(2, 2, 'asdasd', '', '', '0', 'default.png', 'default.jpg', '2'),
(3, 2, 'hsp academy', '', '', '0', 'default.png', 'default.jpg', '3'),
(4, 1, 'Erajaya Swasembada', '', '', '0', 'default.png', 'default.jpg', '4'),
(5, 2, 'PT. Cigma Indonesia', '', '', '0', 'default.png', 'default.jpg', '5'),
(6, 2, 'PT. LAMBERT PERFORMA INDONESIA', '', '', '0', 'default.png', 'default.jpg', '6'),
(7, 1, 'MNC Kids & Home Living - MNC Corp.', '', '', '0', 'default.png', 'default.jpg', '7'),
(8, 2, 'BINUS Creates', '', '', '0', 'default.png', 'default.jpg', '8'),
(9, 2, 'SPEAQUS', 'hi@speaqus.com', '', '08581232322', 'spqs-logo-tagline.png', 'Most-Beautiful-Nature-Wallpaper.jpg', 'speaqus'),
(12, 2, 'jono', 'jono@gmail.com', '', '0', 'default.png', 'default.jpg', '12'),
(13, 2, 'PT. VADS Indonesia', '', '', '0', 'default.png', 'default.jpg', '13'),
(14, 1, 'PT. Bank Mandiri', '', '', '0', 'default.png', 'default.jpg', '14'),
(15, 1, 'NLP Smart Indonesia', '', '', '0', 'default.png', 'default.jpg', '15'),
(16, 2, 'NLP Smart Indonesia - Cuat Consulting', 'yant.subiyanto@cuatbm.com', '', '0', 'default.png', 'default.jpg', '16'),
(17, 2, 'ADHESIX', '', '', '', 'default.png', 'default.jpg', '17'),
(18, 1, 'asd', '', '', '0', 'default.png', 'default.jpg', ''),
(21, 1, 'Balai Besar Pedidikan Dan Pelatihan Ekspor Indonesia', '', '', '0', 'default.png', 'default.jpg', ''),
(22, 2, 'PT. Metamind Tata Cendekia', '', '', '0', 'default.png', 'default.jpg', ''),
(23, 1, 'PT.Cakra Niaga Tama', '', '', '0', 'default.png', 'default.jpg', ''),
(24, 2, 'Majalah Info Franchise', 'redaksi_majalahfranchise@yahoo.com', '', '0', 'default.png', 'default.jpg', ''),
(25, 1, 'PT. Mitra Kreatif Bisnis & PT. Samara Barokah Wisata', '', '', '0', 'default.png', 'default.jpg', ''),
(26, 2, 'Human Smart Leadership', 'Hsl.ppib@gmail.com', '', '0', 'default.png', 'default.jpg', ''),
(27, 2, 'PT Pratama Indomitra Konsultan', '', '', '0', 'default.png', 'default.jpg', ''),
(28, 2, 'McHunson Consultant', '', '', '0', 'default.png', 'default.jpg', ''),
(29, 2, 'PT Mitracomm', '', '', '0', 'default.png', 'default.jpg', ''),
(30, 2, 'PT. Quango Qoaching', '', '', '0', 'default.png', 'default.jpg', ''),
(31, 2, 'KMPlus Optima International', '', '', '0', 'default.png', 'default.jpg', ''),
(32, 2, 'ATMI Group', '', '', '0', 'default.png', 'default.jpg', ''),
(33, 2, 'Dunamis Organization Services', '', '', '0', 'default.png', 'default.jpg', ''),
(34, 2, 'Executive Learning Institute', '', '', '0', 'default.png', 'default.jpg', ''),
(35, 2, 'PQM Consultants', '', '', '0', 'default.png', 'default.jpg', ''),
(36, 2, 'Terrapinn Training', '', '', '0', 'default.png', 'default.jpg', ''),
(37, 2, 'PT Prima Kompetensi (Primasi)', '', '', '0', 'default.png', 'default.jpg', ''),
(38, 2, 'BCA Learning Service', '', '', '0', 'default.png', 'default.jpg', ''),
(39, 2, 'Kinerja', '', '', '0', 'default.png', 'default.jpg', ''),
(40, 2, 'Blessing White Indonesia - Kinerja', '', '', '0', 'default.png', 'default.jpg', ''),
(41, 1, 'Bank Mega', '', '', '0', 'default.png', 'default.jpg', ''),
(42, 1, 'PT CIPTA SOLUSINDO INDONESIA', '', '', '0', 'default.png', 'default.jpg', ''),
(43, 2, 'Individual Trainer', 'Individual Trainer', '', '0', 'default.png', 'default.jpg', ''),
(44, 1, 'PT Indopenta Sakti Teguh Group', '', '', '0', 'default.png', 'default.jpg', ''),
(45, 1, 'Free Lance', '', '', '0', 'default.png', 'default.jpg', ''),
(46, 1, 'PT. Informatika Solusi Bisnis', '', '', '0', 'default.png', 'default.jpg', ''),
(47, 2, 'Netlearn', 'admin@netlearn.co.id', '', '0', 'default.png', 'default.jpg', ''),
(48, 2, 'Creative Action Indonesia', '', '', '0', 'default.png', 'default.jpg', ''),
(49, 2, 'PT Sinergi Solusi Indonesia', '', '', '', '', '', ''),
(50, 1, 'Pertamina', '', '', '', '', '', '50'),
(52, 1, 'Tech in Asia', '', '', '', '', '', '52'),
(53, 1, 'Bina Nusantara Computer Club', '', '', '', '', '', '53'),
(54, 2, 'pt. Mitra Sinergi Internasional', '', '', '', '', '', ''),
(55, 1, 'AnZ Personality POWER pengembangan kepribadian', '', '', '', '', '', ''),
(56, 2, 'AnZ Personality POWER', 'seminar@myself.com', '', '', '', '', ''),
(57, 1, 'PT Indonesia Power', '', '', '', '', '', '57'),
(58, 1, 'PT Angels Products (Sugar Rafinasi)', '', '', '', '', '', '58'),
(59, 1, 'PT Permata Dunia Sukses Utama (Sugar Rafinasi)', '', '', '', '', '', '59'),
(60, 1, 'Rumah Sakit Cakra Husada', '', '', '', '', '', '60'),
(61, 1, 'PT Hardo Soloplast', '', '', '', '', '', '61'),
(62, 1, 'PT Asthon Graphindo', '', '', '', '', '', '62'),
(63, 1, 'BMM Muamalat', '', '', '', '', '', '63'),
(64, 1, 'Hess, Ltd', '', '', '', '', '', '64'),
(65, 1, 'PT Saka Energy', '', '', '', '', '', '65'),
(66, 1, 'PT Primatech Computama Informatindo', '', '', '', '', '', '66'),
(67, 1, 'PT Modern Plastic Industry', '', '', '', '', '', '67'),
(68, 1, 'PT Infoduta Computindo Perkasa', '', '', '', '', '', '68'),
(69, 1, 'PT Mega  Energy Processindo (Seismic Data Migas)', '', '', '', '', '', '69'),
(70, 1, 'Multi SDM Solution', '', '', '', '', '', ''),
(71, 2, 'DuaGe', 'inizam.dith@gmail.com', '', '', '', '', ''),
(72, 1, 'pt wasa mitra engineering', '', '', '', '', '', ''),
(73, 1, 'PT Asuranai Jiwa Manulife Indonesia', '', '', '', '', '', '73'),
(74, 2, 'Kredit', '', '', '', '', '', '74'),
(75, 1, 'debug', '', '', '', '', '', '75'),
(76, 1, 'dsa', '', '', '', '', '', '76'),
(77, 1, 'fandy', '', '', '', '', '', '77'),
(78, 2, 'Trainers Management Indonesia', '', '', '', '', '', '78'),
(79, 1, 'PT. Hankook Tire Indonesia, PT. Timah, PT. Asia Pacific Fiber, PT. Bayer Indonesia, PT. Unilever Ind', '', '', '', '', '', ''),
(80, 1, 'PT Gajah Tunggal Tbk.', '', '', '', '', '', '80'),
(81, 1, 'RSCH', '', '', '', '', '', '81'),
(82, 1, 'PT APF', '', '', '', '', '', '82'),
(83, 1, 'TPS Food Tbk', '', '', '', '', '', '83'),
(84, 1, 'PT Tiga Pilar', '', '', '', '', '', '84'),
(85, 1, 'Rumah123', '', '', '', '', '', '85'),
(86, 1, 'PT Ejip', '', '', '', '', '', '86'),
(87, 1, 'PT DKU', '', '', '', '', '', '87'),
(88, 1, 'Nissan', '', '', '', '', '', '88'),
(89, 1, 'Chemi', '', '', '', '', '', '89'),
(90, 1, 'AKMI Baturaja', '', '', '', '', '', '90'),
(91, 2, 'Font Raket Consulting', '', '', '', '', '', '91'),
(93, 2, 'Dale Carnegie Training ', '', '', '', '', '', '93'),
(94, 1, 'PT Indofood Sukses Makmur Tbk', '', '', '', '', '', '94'),
(95, 1, 'Mayapada', '', '', '', '', '', '95'),
(96, 2, 'Netlearn - Technology Learning Center', '', '', '', '', '', '96'),
(97, 1, 'winny@lt-indonesia.com', '', '', '', '', '', '97'),
(98, 1, 'yuniwati@lt-indonesia.com', '', '', '', '', '', '98'),
(99, 1, 'meira@lt-indonesia.com', '', '', '', '', '', '99'),
(100, 1, 'PT Lintas Teknologi Indonesia', '', '', '', '', '', '100'),
(101, 1, 'Smart Transformasi', '', '', '', '', '', '101'),
(103, 1, '', '', '', '', '', '', '103'),
(104, 1, 'PT Berca Indonesia', '', '', '', '', '', '104'),
(105, 2, 'Kaizen Indonesia', '', '', '', '', '', '105'),
(106, 1, 'DANABON', '', '', '', '', '', '106'),
(107, 1, 'TOHO', '', '', '', '', '', '107'),
(108, 2, 'TOHO Provider', '', '', '', '', '', '108'),
(109, 1, 'ToStanOnline', '', '', '', '', '', '109'),
(110, 1, 'KitchenStoreIndonesia', '', '', '', '', '', '110'),
(111, 1, 'Fave', '', '', '', '', '', '111'),
(112, 1, 'PT Puncak Teknologi Indonesia', '', '', '', '', '', '112'),
(113, 1, 'Meetwarm', '', '', '', '', '', '113'),
(114, 1, 'tempo inti media', '', '', '', '', '', '114'),
(115, 1, 'Jonathan', '', '', '', '', '', '115'),
(116, 1, 'SPEAQUS11', '', '', '', '', '', '116'),
(117, 1, 'SEOPRO', '', '', '', '', '', '117'),
(118, 1, 'PT. Kereta Api Indonesia', '', '', '', '', '', '118'),
(119, 1, 'PT. Kereta Api', '', '', '', '', '', '119'),
(120, 1, 'PT. Marketing Nusantara', '', '', '', '', '', '120'),
(122, 1, 'LabConX', '', '', '', '', '', '122'),
(123, 1, 'Godrej Indonesia', '', '', '', '', '', '123'),
(124, 2, 'Telequest', 'martono@telequest.co.id', '', '021-34663802', '01-logo_1.jpg', 'bg-bottom.jpg', 'telequest'),
(125, 1, 'PT. Astra Graphia', '', '', '', '', '', '125'),
(126, 1, 'Watson Wyatt Purbajaga', '', '', '', '', '', '126'),
(127, 1, 'PT Acer Indonesia', '', '', '', '', '', '127'),
(128, 1, 'Telequest Consultrain', '', '', '', '', '', '128'),
(129, 1, 'Acer Indonesia', '', '', '', '', '', '129'),
(130, 1, 'Alfa Goldland Realty ', '', '', '', '', '', '130'),
(131, 1, 'test', '', '', '', '', '', '131'),
(132, 1, 'ANTA TOUR Call Center ', '', '', '', '', '', '132'),
(133, 1, 'ANJ FINANCE ( MPM )', '', '', '', '', '', '133'),
(134, 1, 'Asuransi Tokio Marine Indonesia', '', '', '', '', '', '134'),
(135, 1, 'Asuransi Dayin Mitra Tbk', '', '', '', '', '', '135'),
(136, 1, 'BAKRIE TELECOM Tbk', '', '', '', '', '', '136'),
(137, 1, 'BALAI BESAR PENINGKATAN PRODUKTIVITAS - DEPNAKERTRANS RI', '', '', '', '', '', '137'),
(138, 1, 'BANK GANESHA', '', '', '', '', '', '138'),
(139, 1, 'BANK BUMI ARTA Tbk ', '', '', '', '', '', '139'),
(140, 1, 'BANK BRI SYARIAH', '', '', '', '', '', '140'),
(141, 1, 'BANK CENTRAL ASIA Tbk', '', '', '', '', '', '141'),
(142, 1, 'BANK CTBC INDONESIA ( CHINATRUST)', '', '', '', '', '', '142'),
(143, 1, 'BANK DANAMON INDONESIA Tbk', '', '', '', '', '', '143'),
(144, 1, ' BANK INTERNASIONAL INDONESIA MAYBANK', '', '', '', '', '', '144'),
(145, 1, 'BANK JATIM Tbk', '', '', '', '', '', '145'),
(146, 1, 'BANK KALTIM', '', '', '', '', '', '146'),
(147, 1, 'BANK MANDIRI (PERSERO) Tbk', '', '', '', '', '', '147'),
(148, 1, 'BANK PERMATA Tbk', '', '', '', '', '', '148'),
(149, 1, 'BANK PERMATA SYARIAH', '', '', '', '', '', '149'),
(150, 1, 'BANK  NEGARA INDONESIA (BNI)', '', '', '', '', '', '150'),
(151, 1, 'BANK CIMB NIAGA Tbk', '', '', '', '', '', '151'),
(152, 1, 'BANK CTBC INDONESIA ( CHINATRUST )', '', '', '', '', '', '152'),
(153, 1, ' BANK OCBC NISP Tbk', '', '', '', '', '', '153'),
(154, 1, 'BANK MIZUHO INDONESIA', '', '', '', '', '', '154'),
(155, 1, 'BANK RABOBANK INTERNATIONAL INDONESIA', '', '', '', '', '', '155'),
(156, 1, 'BANK RAKYAT INDONESIA (PERSERO) Tbk', '', '', '', '', '', '156'),
(157, 1, 'BANK TABUNGAN NEGARA (PERSERO) Tbk', '', '', '', '', '', '157'),
(158, 1, ' BFI Finance Indonesia', '', '', '', '', '', '158'),
(159, 1, 'BOGOR NIRWANA RESIDENCE', '', '', '', '', '', '159'),
(160, 1, 'DKSH', '', '', '', '', '', '160'),
(161, 1, 'FINANSIA MULTI FINANCE ( KREDIT PLUS )', '', '', '', '', '', '161'),
(162, 1, 'GE MONEY INDONESIA', '', '', '', '', '', '162'),
(163, 1, 'INDOMILK', '', '', '', '', '', '163'),
(164, 1, 'INDOSAT Tbk', '', '', '', '', '', '164'),
(165, 1, ' INDOLOK BAKTI UTAMA', '', '', '', '', '', '165'),
(166, 1, 'IBS (Insurance Broking Services) ', '', '', '', '', '', '166'),
(167, 1, 'JASNITA TELKOMINDO Call Center', '', '', '', '', '', '167'),
(168, 1, 'John Crane Indonesia', '', '', '', '', '', '168'),
(169, 1, 'KEB HANA BANK', '', '', '', '', '', '169'),
(170, 1, 'KRESNA GRAHA SEKURINDO Tbk', '', '', '', '', '', '170'),
(171, 1, 'Logikreasi Informatika', '', '', '', '', '', '171'),
(172, 1, 'MASTERSYSTEM INFOTAMA ', '', '', '', '', '', '172'),
(173, 1, 'MULTISOFT JAVA TECHNOLOGIES ', '', '', '', '', '', '173'),
(174, 1, 'Menara Alfa Semesta', '', '', '', '', '', '174'),
(175, 1, ' PEGADAIAN (Persero)', '', '', '', '', '', '175'),
(176, 1, 'PQM', '', '', '', '', '', '176'),
(177, 1, 'RABOBANK INTERNATIONAL INDONESIA', '', '', '', '', '', '177'),
(178, 1, 'Topjaya Sarana Utama (TOSHIBA)', '', '', '', '', '', '178'),
(179, 1, ' SENSIENT Technologies Indonesia', '', '', '', '', '', '179'),
(180, 1, ' SWADHARMA DUTA DATA ', '', '', '', '', '', '180'),
(181, 1, 'VAYATOUR ', '', '', '', '', '', '181'),
(182, 1, 'WATY TJAKRA ', '', '', '', '', '', '182'),
(183, 1, 'XL AXIATA Tbk', '', '', '', '', '', '183'),
(184, 1, 'Aethra Learning Center', '', '', '', '', '', '184'),
(185, 1, 'Astra Honda Motor', '', '', '', '', '', '185'),
(186, 1, 'PT. Dankos Farma', '', '', '', '', '', '186'),
(187, 1, 'PT. Lautan Luas Tbk', '', '', '', '', '', '187'),
(188, 1, 'Huawei Indonesia', '', '', '', '', '', '188'),
(189, 1, 'Kaaramel Juice', '', '', '', '', '', '189'),
(190, 1, 'Applicad Indonesia', '', '', '', '', '', '190'),
(192, 2, 'PT.QYUSIGLOBALINDONESIA', 'fauziahbonita@gmail.com', '', '+6281330009003', 'qloc.png', 'default.jpg', '192'),
(193, 1, 'InfoDiskon', '', '', '', 'default.png', 'default.jpg', '193'),
(194, 2, 'Roligio Group', '', '', '', 'default.png', 'default.jpg', '194'),
(195, 2, 'Iverson', '', '', '', 'default.png', 'default.jpg', '195'),
(196, 2, 'PT. Iverson Technology', '', '', '', 'default.png', 'default.jpg', '196'),
(198, 1, '123123', '', '', '', '', '', '198'),
(199, 1, 'aksdiaksd', '', '', '', '', '', '199'),
(200, 1, 'asjdiasidad', '', '', '', '', '', '200'),
(201, 1, 'PT.Mitra Bintang Abadi', '', '', '', 'default.png', 'default.jpg', '201'),
(202, 2, 'business management, consulting and training certification', '', '', '', 'default.png', 'default.jpg', '202'),
(203, 2, 'PT Indoaghniy Mulia utama', '', '', '', 'default.png', 'default.jpg', '203'),
(204, 2, 'PT. Karya Teknologi Indonesia', 'duniakarir.medialokal@gmail.com', '', '081231517487', 'LOGO_KTI.png', 'Office-Design-Image.jpg', '204'),
(205, 1, 'BEANUS', '', '', '', 'default.png', 'default.jpg', '205'),
(206, 1, 'BEANUSS', '', '', '', 'default.png', 'default.jpg', '206'),
(207, 1, 'Kredit Online', '', '', '', 'default.png', 'default.jpg', '207'),
(208, 2, 'FANDY Provider', '', '', '', 'default.png', 'default.jpg', '208'),
(209, 2, 'PT. Indo Training', 'info@ptindotraining.com', '', '+6281384299773', 'INDO_TRAINING_250.jpg', 'lilin.jpg', 'ptindotraining'),
(210, 1, 'LMI Indonesia', '', '', '', 'default.png', 'default.jpg', 'LMI'),
(211, 2, 'HOBA Resources ', '', '', '', 'default.png', 'default.jpg', '211'),
(212, 1, 'SMC RS Telogorejo Semarang ', '', '', '', 'default.png', 'default.jpg', '212'),
(213, 2, 'Human Capital Solution Indonesia', '', '', '', 'default.png', 'default.jpg', '213'),
(214, 2, 'DANNY DARUSSALAM Tax Center', '', '', '', 'default.png', 'default.jpg', '214'),
(215, 1, 'BINUS', '', '', '', '', '', '215'),
(216, 2, 'provideraa', '', '', '', 'default.png', 'default.jpg', '216'),
(217, 1, 'tesss', '', '', '', 'default.png', 'default.jpg', '217'),
(219, 2, 'Quantum Solusindo - Training Centre', 'quantum.solusindo@gmail.com', '', '081297616198', 'LOGO_QUANTUM-_2.jpg', 'default.jpg', 'quantumtraining'),
(220, 1, 'ALKABRO', '', '', '', 'default.png', 'default.jpg', '220'),
(221, 2, 'APASAJA', 'Qwerty@yahoo.com', '', '', 'default.png', 'default.jpg', '221'),
(222, 1, 'PT. Astra International Auto2000Samanhudi', '', '', '', 'default.png', 'default.jpg', '222'),
(223, 1, 'Archer Tour', '', '', '', 'default.png', 'default.jpg', '223'),
(224, 1, 'bisnisdotcom.com', '', '', '', 'default.png', 'default.jpg', '224'),
(225, 2, 'freelancer', 'kabonfootprint@gmail.com', '', '', 'default.png', 'default.jpg', '225'),
(226, 1, 'Via.com', '', '', '', 'default.png', 'default.jpg', '226'),
(227, 2, 'IMAS', 'cs@imas.com', '', '', 'default.png', 'default.jpg', '227'),
(228, 2, 'Tirta Training Solution', '', '', '', 'default.png', 'default.jpg', '228'),
(229, 2, 'SPEAQUSCOM', '', '', '', 'default.png', 'default.jpg', '229'),
(230, 1, 'companygadugan', '', '', '', 'default.png', 'default.jpg', '230'),
(231, 1, 'terasdgadunga', '', '', '', 'default.png', 'default.jpg', '231'),
(232, 1, 'asdasdczxczxczcxcvxcv', '', '', '', 'default.png', 'default.jpg', '232'),
(233, 1, 'asdasdbnaadsqweqwe', '', '', '', 'default.png', 'default.jpg', '233'),
(234, 1, 'sadasdzxczx', '', '', '', 'default.png', 'default.jpg', '234'),
(235, 2, 'toby', '', '', '', 'default.png', 'default.jpg', '235'),
(236, 1, 'SPEAQUSS', '', '', '', 'default.png', 'default.jpg', '236'),
(237, 1, 'reloadsaasd', '', '', '', 'default.png', 'default.jpg', '237'),
(238, 1, 'asdsd', '', '', '', '', '', '238'),
(239, 2, 'PT Edu Cipta Solusi', 'kontak.educipta@gmail.com', '', '0217341495', 'Icon-educipta.png', '2012-05-05_11_28_17.jpg', 'educipta'),
(240, 1, 'Pustekkom Kemendikbud', '', '', '', '', '', '240'),
(241, 1, 'asdasdxxczczxc', '', '', '', 'default.png', 'default.jpg', '241'),
(242, 1, 'PT WH Ceramic Indonesia', '', '', '', '', '', '242'),
(243, 1, 'PT Bank KEB Hana Indonesia (Hana Bank)', '', '', '', '', '', '243'),
(244, 1, 'PT Cahaya Sindar Gasindo', '', '', '', '', '', '244'),
(245, 1, 'http://www.speaqus.com/training-provider/educipta', '', '', '', '', '', '245'),
(246, 2, 'Mevvia Training & Coaching', '', '', '', 'default.png', 'default.jpg', '246'),
(247, 2, 'PT. Handaru Utama Nityasa', '', '', '', 'default.png', 'default.jpg', 'HumanisGroup'),
(248, 1, ' Humanis Group', '', '', '', '', '', '248'),
(249, 1, 'Humanis Group', '', '', '', '', '', '249'),
(250, 2, 'Roligio Group', 'rt@roligiogroup.com', '', '7986023', 'roligio_logo_06062013.jpg', 'flyer_AWAKENING_DIGNITY.jpg', 'roligiogroup'),
(251, 2, 'SPEAQUSSS', '', '', '', 'default.png', 'default.jpg', '251'),
(252, 1, 'ITC', '', '', '', '', '', '252'),
(253, 1, 'Binus University', '', '', '', '', '', '253'),
(254, 1, ' Kino Corporation', '', '', '', '', '', '254'),
(255, 1, 'PT Lumineux Industrie', '', '', '', '', '', '255'),
(256, 1, 'Hock Group', '', '', '', '', '', '256'),
(257, 1, 'RWE Thames Water - PT Thames PAM Jaya', '', '', '', '', '', '257'),
(258, 1, 'Kalbe - Bintang Toedjoe, PT', '', '', '', '', '', '258'),
(259, 1, 'Universitas Widyatama', '', '', '', '', '', '259'),
(260, 1, 'Ateja Group', '', '', '', '', '', '260'),
(261, 1, 'STMIK LPKIA', '', '', '', '', '', '261'),
(262, 1, 'Universitas Katolik Parahyangan, Bandung', '', '', '', '', '', '262'),
(263, 1, 'Darmawan Nataatmadja Consulting', '', '', '', '', '', '263'),
(264, 1, 'IM PRO Consulting', '', '', '', 'default.png', 'default.jpg', '264'),
(265, 1, ' asdad', '', '', '', '', '', '265'),
(266, 1, 'adwdawd', '', '', '', '', '', '266'),
(267, 1, ' asdas', '', '', '', '', '', '267'),
(268, 1, 'Cisco', '', '', '', '', '', '268'),
(269, 1, 'PT BFI Indonesia tbk', '', '', '', 'default.png', 'default.jpg', '269'),
(272, 2, 'testingprovider', '', '', '', 'default.png', 'default.jpg', '272');

-- --------------------------------------------------------

--
-- Table structure for table `group_role`
--

CREATE TABLE IF NOT EXISTS `group_role` (
  `group_role_id` int(11) NOT NULL AUTO_INCREMENT,
  `group_role_name` varchar(50) NOT NULL,
  PRIMARY KEY (`group_role_id`)
) ENGINE=InnoDB  DEFAULT CHARSET=latin1 AUTO_INCREMENT=3 ;

--
-- Dumping data for table `group_role`
--

INSERT INTO `group_role` (`group_role_id`, `group_role_name`) VALUES
(1, 'Admin'),
(2, 'Member');

-- --------------------------------------------------------

--
-- Table structure for table `group_type`
--

CREATE TABLE IF NOT EXISTS `group_type` (
  `group_type_id` int(11) NOT NULL AUTO_INCREMENT,
  `group_type_name` varchar(50) NOT NULL,
  PRIMARY KEY (`group_type_id`)
) ENGINE=InnoDB  DEFAULT CHARSET=latin1 AUTO_INCREMENT=3 ;

--
-- Dumping data for table `group_type`
--

INSERT INTO `group_type` (`group_type_id`, `group_type_name`) VALUES
(1, 'Company'),
(2, 'Training Provider');

-- --------------------------------------------------------

--
-- Table structure for table `profiling_user`
--

CREATE TABLE IF NOT EXISTS `profiling_user` (
  `profiling_user` int(11) NOT NULL AUTO_INCREMENT,
  `user_id` int(11) NOT NULL,
  `subscribe` int(11) NOT NULL,
  `sign_up` int(11) NOT NULL,
  `pasif_refer` int(11) NOT NULL,
  `active_refer` int(11) NOT NULL,
  `company` int(11) NOT NULL,
  `provider` int(11) NOT NULL,
  `trainer` int(11) NOT NULL,
  `friend` int(11) NOT NULL,
  `more_company` int(11) NOT NULL,
  `more_provider` int(11) NOT NULL,
  `more_trainer` int(11) NOT NULL,
  `more_friend` int(11) NOT NULL,
  `status` varchar(255) NOT NULL,
  PRIMARY KEY (`profiling_user`)
) ENGINE=InnoDB  DEFAULT CHARSET=latin1 AUTO_INCREMENT=231 ;

--
-- Dumping data for table `profiling_user`
--

INSERT INTO `profiling_user` (`profiling_user`, `user_id`, `subscribe`, `sign_up`, `pasif_refer`, `active_refer`, `company`, `provider`, `trainer`, `friend`, `more_company`, `more_provider`, `more_trainer`, `more_friend`, `status`) VALUES
(1, 61, 1, 1, 0, 1, 0, 0, 1, 0, 0, 0, 0, 0, 'Daftar Sendiri'),
(2, 62, 1, 0, 0, 0, 0, 0, 0, 0, 0, 0, 0, 0, 'Daftar Dari Refer'),
(7, 67, 1, 1, 0, 0, 0, 0, 0, 0, 0, 0, 0, 0, 'Daftar Sendiri'),
(8, 68, 1, 1, 0, 0, 0, 0, 0, 0, 0, 0, 0, 0, 'Daftar Sendiri'),
(9, 69, 1, 1, 0, 0, 0, 0, 0, 0, 0, 0, 0, 0, 'Daftar Sendiri'),
(10, 70, 1, 0, 0, 0, 0, 0, 0, 0, 0, 0, 0, 0, 'Daftar Sendiri'),
(11, 71, 1, 1, 0, 0, 0, 0, 0, 0, 0, 0, 0, 0, 'Daftar Sendiri'),
(12, 72, 1, 0, 0, 0, 0, 0, 0, 0, 0, 0, 0, 0, 'Daftar Sendiri'),
(13, 73, 1, 1, 0, 0, 0, 0, 0, 0, 0, 0, 0, 0, 'Daftar Sendiri'),
(14, 74, 1, 0, 0, 0, 0, 0, 0, 0, 0, 0, 0, 0, 'Daftar Sendiri'),
(15, 75, 1, 1, 0, 0, 0, 0, 0, 0, 0, 0, 0, 0, 'Daftar Sendiri'),
(24, 86, 1, 1, 0, 0, 0, 0, 0, 0, 0, 0, 0, 0, 'Daftar Sendiri'),
(26, 88, 1, 1, 0, 0, 0, 0, 0, 0, 0, 0, 0, 0, 'Daftar Sendiri'),
(39, 108, 1, 1, 0, 1, 10, 5, 5, 0, 0, 0, 0, 0, 'Daftar Sendiri'),
(40, 113, 1, 1, 0, 0, 0, 0, 0, 0, 0, 0, 0, 0, 'Daftar Sendiri'),
(41, 114, 1, 0, 0, 0, 0, 0, 0, 0, 0, 0, 0, 0, 'Daftar Sendiri'),
(42, 115, 1, 0, 0, 0, 0, 0, 0, 0, 0, 0, 0, 0, 'Daftar Sendiri'),
(44, 117, 1, 1, 0, 1, 1, 0, 0, 0, 0, 0, 0, 0, 'Daftar Sendiri'),
(51, 128, 1, 0, 0, 0, 0, 0, 0, 0, 0, 0, 0, 0, 'Daftar Sendiri'),
(52, 129, 1, 1, 0, 0, 0, 0, 0, 0, 0, 0, 0, 0, 'Daftar Sendiri'),
(53, 130, 1, 1, 0, 0, 0, 0, 0, 0, 0, 0, 0, 0, 'Daftar Sendiri'),
(54, 131, 1, 1, 0, 0, 0, 0, 0, 0, 0, 0, 0, 0, 'Daftar Sendiri'),
(55, 132, 1, 0, 0, 0, 0, 0, 0, 0, 0, 0, 0, 0, 'Daftar Sendiri'),
(57, 134, 1, 1, 0, 0, 0, 0, 0, 0, 0, 0, 0, 0, 'Daftar Sendiri'),
(58, 135, 1, 1, 0, 1, 1, 0, 0, 0, 0, 0, 0, 0, 'Daftar Sendiri'),
(59, 136, 1, 1, 0, 1, 0, 1, 0, 0, 0, 0, 0, 0, 'Daftar Sendiri'),
(60, 139, 1, 1, 0, 0, 0, 0, 0, 0, 0, 0, 0, 0, 'Daftar Sendiri'),
(61, 140, 1, 0, 0, 0, 0, 0, 0, 0, 0, 0, 0, 0, 'Daftar Sendiri'),
(62, 141, 1, 1, 0, 0, 0, 0, 0, 0, 0, 0, 0, 0, 'Daftar Sendiri'),
(63, 142, 1, 1, 0, 0, 0, 0, 0, 0, 0, 0, 0, 0, 'Daftar Sendiri'),
(64, 143, 1, 1, 0, 0, 0, 0, 0, 0, 0, 0, 0, 0, 'Daftar Sendiri'),
(65, 144, 1, 1, 0, 0, 0, 0, 0, 0, 0, 0, 0, 0, 'Daftar Sendiri'),
(66, 145, 1, 1, 0, 0, 0, 0, 0, 0, 0, 0, 0, 0, 'Daftar Sendiri'),
(67, 146, 1, 1, 0, 0, 0, 0, 0, 0, 0, 0, 0, 0, 'Daftar Sendiri'),
(68, 147, 1, 0, 0, 0, 0, 0, 0, 0, 0, 0, 0, 0, 'Daftar Sendiri'),
(69, 148, 1, 1, 0, 0, 0, 0, 0, 0, 0, 0, 0, 0, 'Daftar Sendiri'),
(70, 149, 1, 1, 0, 0, 0, 0, 0, 0, 0, 0, 0, 0, 'Daftar Sendiri'),
(71, 150, 1, 1, 0, 0, 0, 0, 0, 0, 0, 0, 0, 0, 'Daftar Sendiri'),
(72, 151, 1, 1, 0, 0, 0, 0, 0, 0, 0, 0, 0, 0, 'Daftar Sendiri'),
(73, 152, 1, 1, 0, 0, 0, 0, 0, 0, 0, 0, 0, 0, 'Daftar Sendiri'),
(74, 153, 1, 0, 0, 0, 0, 0, 0, 0, 0, 0, 0, 0, 'Daftar Sendiri'),
(75, 154, 1, 1, 0, 0, 0, 0, 0, 0, 0, 0, 0, 0, 'Daftar Sendiri'),
(78, 157, 1, 1, 0, 0, 0, 0, 0, 0, 0, 0, 0, 0, 'Daftar Sendiri'),
(82, 163, 1, 1, 0, 0, 0, 0, 0, 0, 0, 0, 0, 0, 'Daftar Sendiri'),
(83, 164, 1, 0, 0, 0, 0, 0, 0, 0, 0, 0, 0, 0, 'Daftar Sendiri'),
(84, 165, 1, 1, 0, 0, 0, 0, 0, 0, 0, 0, 0, 0, 'Daftar Sendiri'),
(85, 166, 1, 1, 0, 1, 10, 0, 0, 0, 0, 0, 0, 0, 'Daftar Sendiri'),
(86, 177, 1, 0, 0, 0, 0, 0, 0, 0, 0, 0, 0, 0, 'Daftar Sendiri'),
(87, 178, 1, 1, 0, 0, 0, 0, 0, 0, 0, 0, 0, 0, 'Daftar Sendiri'),
(88, 179, 1, 1, 0, 0, 0, 0, 0, 0, 0, 0, 0, 0, 'Daftar Sendiri'),
(95, 113, 1, 0, 0, 0, 0, 0, 0, 0, 0, 0, 0, 0, 'Daftar Sendiri'),
(96, 187, 1, 1, 0, 0, 0, 0, 0, 0, 0, 0, 0, 0, 'Daftar Sendiri'),
(98, 166, 1, 0, 0, 0, 0, 0, 0, 0, 0, 0, 0, 0, 'Daftar Sendiri'),
(99, 190, 1, 1, 0, 0, 0, 0, 0, 0, 0, 0, 0, 0, 'Daftar Sendiri'),
(100, 163, 1, 0, 0, 0, 0, 0, 0, 0, 0, 0, 0, 0, 'Daftar Sendiri'),
(101, 192, 1, 0, 0, 0, 0, 0, 0, 0, 0, 0, 0, 0, 'Daftar Sendiri'),
(102, 193, 1, 1, 0, 0, 0, 0, 0, 0, 0, 0, 0, 0, 'Daftar Sendiri'),
(103, 194, 1, 0, 0, 0, 0, 0, 0, 0, 0, 0, 0, 0, 'Daftar Sendiri'),
(105, 196, 1, 1, 0, 0, 0, 0, 0, 0, 0, 0, 0, 0, 'Daftar Sendiri'),
(108, 199, 1, 0, 0, 0, 0, 0, 0, 0, 0, 0, 0, 0, 'Daftar Sendiri'),
(109, 200, 1, 0, 0, 0, 0, 0, 0, 0, 0, 0, 0, 0, 'Daftar Sendiri'),
(111, 207, 1, 1, 0, 0, 0, 0, 0, 0, 0, 0, 0, 0, 'Daftar Sendiri'),
(112, 208, 1, 1, 0, 0, 0, 0, 0, 0, 0, 0, 0, 0, 'Daftar Sendiri'),
(113, 211, 1, 0, 0, 0, 0, 0, 0, 0, 0, 0, 0, 0, 'Daftar Dari Refer'),
(114, 210, 1, 1, 0, 0, 0, 0, 0, 0, 0, 0, 0, 0, 'Daftar Dari Refer'),
(115, 225, 1, 1, 0, 1, 0, 1, 0, 0, 0, 0, 0, 0, 'Daftar Sendiri'),
(116, 226, 1, 0, 0, 0, 0, 0, 0, 0, 0, 0, 0, 0, 'Daftar Dari Refer'),
(117, 227, 1, 1, 0, 1, 0, 0, 2, 0, 0, 0, 0, 0, 'Daftar Sendiri'),
(118, 230, 1, 1, 0, 1, 0, 0, 1, 0, 0, 0, 0, 0, 'Daftar Sendiri'),
(119, 232, 1, 0, 0, 0, 0, 0, 0, 0, 0, 0, 0, 0, 'Daftar Sendiri'),
(121, 234, 1, 1, 0, 0, 0, 0, 0, 0, 0, 0, 0, 0, 'Daftar Sendiri'),
(122, 235, 1, 1, 0, 0, 0, 0, 0, 0, 0, 0, 0, 0, 'Daftar Sendiri'),
(123, 236, 1, 0, 0, 0, 0, 0, 0, 0, 0, 0, 0, 0, 'Daftar Sendiri'),
(124, 237, 1, 0, 0, 0, 0, 0, 0, 0, 0, 0, 0, 0, 'Daftar Sendiri'),
(125, 238, 1, 0, 0, 0, 0, 0, 0, 0, 0, 0, 0, 0, 'Daftar Sendiri'),
(126, 239, 1, 0, 0, 0, 0, 0, 0, 0, 0, 0, 0, 0, 'Daftar Sendiri'),
(127, 240, 1, 1, 0, 0, 0, 0, 0, 0, 0, 0, 0, 0, 'Daftar Sendiri'),
(128, 231, 1, 0, 0, 0, 0, 0, 0, 0, 0, 0, 0, 0, 'Daftar Dari Refer'),
(129, 219, 1, 0, 0, 0, 0, 0, 0, 0, 0, 0, 0, 0, 'Daftar Dari Refer'),
(130, 241, 1, 0, 0, 0, 0, 0, 0, 0, 0, 0, 0, 0, 'Daftar Sendiri'),
(132, 243, 1, 1, 0, 1, 3, 0, 1, 0, 0, 0, 0, 0, 'Daftar Sendiri'),
(135, 248, 1, 1, 0, 0, 0, 0, 0, 0, 0, 0, 0, 0, 'Daftar Dari Refer'),
(136, 249, 1, 0, 0, 0, 0, 0, 0, 0, 0, 0, 0, 0, 'Daftar Dari Refer'),
(137, 250, 1, 0, 0, 0, 0, 0, 0, 0, 0, 0, 0, 0, 'Daftar Sendiri'),
(138, 251, 1, 1, 0, 0, 0, 0, 0, 0, 0, 0, 0, 0, 'Daftar Sendiri'),
(141, 254, 1, 1, 0, 0, 0, 0, 0, 0, 0, 0, 0, 0, 'Daftar Sendiri'),
(142, 255, 1, 1, 0, 0, 0, 0, 0, 0, 0, 0, 0, 0, 'Daftar Sendiri'),
(143, 256, 1, 0, 0, 0, 0, 0, 0, 0, 0, 0, 0, 0, 'Daftar Sendiri'),
(146, 259, 1, 0, 0, 0, 0, 0, 0, 0, 0, 0, 0, 0, 'Daftar Sendiri'),
(147, 260, 1, 0, 0, 0, 0, 0, 0, 0, 0, 0, 0, 0, 'Daftar Sendiri'),
(148, 261, 1, 1, 0, 0, 0, 0, 0, 0, 0, 0, 0, 0, 'Daftar Sendiri'),
(151, 265, 1, 1, 0, 1, 5, 1, 1, 0, 0, 0, 0, 0, 'Daftar Sendiri'),
(152, 269, 1, 1, 0, 0, 0, 0, 0, 0, 0, 0, 0, 0, 'Daftar Sendiri'),
(156, 274, 1, 1, 0, 1, 1, 0, 0, 0, 0, 0, 0, 0, 'Daftar Sendiri'),
(157, 276, 1, 1, 0, 0, 0, 0, 0, 0, 0, 0, 0, 0, 'Daftar Sendiri'),
(158, 277, 1, 0, 0, 0, 0, 0, 0, 0, 0, 0, 0, 0, 'Daftar Sendiri'),
(159, 278, 1, 0, 0, 0, 0, 0, 0, 0, 0, 0, 0, 0, 'Daftar Sendiri'),
(160, 279, 1, 1, 0, 1, 1, 0, 0, 0, 0, 0, 0, 0, 'Daftar Sendiri'),
(163, 291, 1, 1, 0, 0, 0, 0, 0, 0, 0, 0, 0, 0, 'Daftar Sendiri'),
(164, 292, 1, 1, 0, 1, 1, 0, 0, 0, 0, 0, 0, 0, 'Daftar Sendiri'),
(165, 294, 1, 1, 0, 0, 0, 0, 0, 0, 0, 0, 0, 0, 'Daftar Sendiri'),
(166, 295, 1, 1, 0, 1, 1, 0, 0, 0, 0, 0, 0, 0, 'Daftar Sendiri'),
(167, 296, 1, 1, 0, 0, 0, 0, 0, 0, 0, 0, 0, 0, 'Daftar Sendiri'),
(169, 298, 1, 1, 0, 0, 0, 0, 0, 0, 0, 0, 0, 0, 'Daftar Sendiri'),
(170, 299, 1, 1, 0, 0, 0, 0, 0, 0, 0, 0, 0, 0, 'Daftar Sendiri'),
(171, 300, 1, 1, 0, 0, 0, 0, 0, 0, 0, 0, 0, 0, 'Daftar Sendiri'),
(172, 301, 1, 1, 0, 0, 0, 0, 0, 0, 0, 0, 0, 0, 'Daftar Sendiri'),
(173, 302, 1, 1, 0, 0, 0, 0, 0, 0, 0, 0, 0, 0, 'Daftar Sendiri'),
(178, 309, 1, 1, 0, 0, 0, 0, 0, 0, 0, 0, 0, 0, 'Daftar Sendiri'),
(180, 311, 1, 1, 0, 0, 0, 0, 0, 0, 0, 0, 0, 0, 'Daftar Sendiri'),
(181, 312, 1, 1, 0, 1, 1, 0, 0, 0, 0, 0, 0, 0, 'Daftar Sendiri'),
(182, 313, 1, 0, 0, 0, 0, 0, 0, 0, 0, 0, 0, 0, 'Daftar Dari Refer'),
(183, 314, 1, 0, 0, 0, 0, 0, 0, 0, 0, 0, 0, 0, 'Daftar Sendiri'),
(184, 315, 1, 1, 0, 0, 0, 0, 0, 0, 0, 0, 0, 0, 'Daftar Sendiri'),
(185, 316, 1, 0, 0, 0, 0, 0, 0, 0, 0, 0, 0, 0, 'Daftar Sendiri'),
(186, 317, 1, 1, 0, 0, 0, 0, 0, 0, 0, 0, 0, 0, 'Daftar Sendiri'),
(187, 318, 1, 1, 0, 0, 0, 0, 0, 0, 0, 0, 0, 0, 'Daftar Sendiri'),
(188, 319, 1, 1, 0, 0, 0, 0, 0, 0, 0, 0, 0, 0, 'Daftar Sendiri'),
(189, 320, 1, 0, 0, 0, 0, 0, 0, 0, 0, 0, 0, 0, 'Daftar Sendiri'),
(190, 322, 1, 1, 0, 1, 2, 0, 0, 0, 0, 0, 0, 0, 'Daftar Sendiri'),
(191, 324, 1, 1, 0, 0, 0, 0, 0, 0, 0, 0, 0, 0, 'Daftar Sendiri'),
(192, 326, 1, 0, 0, 0, 0, 0, 0, 0, 0, 0, 0, 0, 'Daftar Sendiri'),
(193, 327, 1, 0, 0, 0, 0, 0, 0, 0, 0, 0, 0, 0, 'Daftar Sendiri'),
(194, 328, 1, 1, 0, 1, 0, 0, 1, 0, 0, 0, 0, 0, 'Daftar Sendiri'),
(195, 330, 1, 1, 0, 0, 0, 0, 0, 0, 0, 0, 0, 0, 'Daftar Dari Refer'),
(196, 334, 1, 1, 0, 0, 0, 0, 0, 0, 0, 0, 0, 0, 'Daftar Dari Refer'),
(197, 335, 1, 1, 0, 1, 1, 0, 0, 0, 0, 0, 0, 0, 'Daftar Sendiri'),
(198, 340, 1, 1, 0, 0, 0, 0, 0, 0, 0, 0, 0, 0, 'Daftar Dari Refer'),
(199, 341, 1, 1, 0, 0, 0, 0, 0, 0, 0, 0, 0, 0, 'Daftar Sendiri'),
(200, 342, 1, 1, 0, 1, 10, 1, 0, 0, 0, 0, 0, 0, 'Daftar Sendiri'),
(201, 347, 1, 0, 0, 0, 0, 0, 0, 0, 0, 0, 0, 0, 'Daftar Sendiri'),
(203, 349, 1, 1, 0, 0, 0, 0, 0, 0, 0, 0, 0, 0, 'Daftar Sendiri'),
(204, 346, 1, 0, 0, 0, 0, 0, 0, 0, 0, 0, 0, 0, 'Daftar Dari Refer'),
(205, 351, 1, 1, 0, 1, 1, 0, 0, 0, 0, 0, 0, 0, 'Daftar Sendiri'),
(207, 354, 1, 1, 0, 1, 1, 0, 0, 0, 0, 0, 0, 0, 'Daftar Dari Refer'),
(208, 362, 1, 0, 0, 0, 0, 0, 0, 0, 0, 0, 0, 0, 'Daftar Sendiri'),
(209, 355, 1, 0, 0, 0, 0, 0, 0, 0, 0, 0, 0, 0, 'Daftar Dari Refer'),
(210, 364, 1, 1, 0, 0, 0, 0, 0, 0, 0, 0, 0, 0, 'Daftar Sendiri'),
(212, 368, 1, 1, 0, 1, 0, 0, 1, 0, 0, 0, 0, 0, 'Daftar Sendiri'),
(213, 370, 1, 1, 0, 0, 0, 0, 0, 0, 0, 0, 0, 0, 'Daftar Sendiri'),
(214, 371, 1, 1, 0, 0, 0, 0, 0, 0, 0, 0, 0, 0, 'Daftar Sendiri'),
(215, 372, 1, 1, 0, 0, 0, 0, 0, 0, 0, 0, 0, 0, 'Daftar Sendiri'),
(217, 376, 1, 1, 0, 0, 0, 0, 0, 0, 0, 0, 0, 0, 'Daftar Sendiri'),
(218, 332, 1, 0, 0, 0, 0, 0, 0, 0, 0, 0, 0, 0, 'Daftar Dari Refer'),
(219, 380, 1, 1, 0, 0, 0, 0, 0, 0, 0, 0, 0, 0, 'Daftar Sendiri'),
(220, 381, 1, 1, 0, 0, 0, 0, 0, 0, 0, 0, 0, 0, 'Daftar Sendiri'),
(221, 383, 1, 0, 0, 0, 0, 0, 0, 0, 0, 0, 0, 0, 'Daftar Sendiri'),
(224, 386, 1, 0, 0, 0, 0, 0, 0, 0, 0, 0, 0, 0, 'Daftar Sendiri'),
(225, 387, 1, 0, 0, 0, 0, 0, 0, 0, 0, 0, 0, 0, 'Daftar Sendiri'),
(226, 388, 1, 0, 0, 0, 0, 0, 0, 0, 0, 0, 0, 0, 'Daftar Sendiri'),
(227, 389, 1, 0, 0, 0, 0, 0, 0, 0, 0, 0, 0, 0, 'Daftar Sendiri'),
(228, 390, 1, 1, 0, 0, 0, 0, 0, 0, 0, 0, 0, 0, 'Daftar Sendiri'),
(229, 391, 1, 1, 0, 0, 0, 0, 0, 0, 0, 0, 0, 0, 'Daftar Sendiri'),
(230, 392, 1, 0, 0, 0, 0, 0, 0, 0, 0, 0, 0, 0, 'Daftar Sendiri');

-- --------------------------------------------------------

--
-- Table structure for table `role`
--

CREATE TABLE IF NOT EXISTS `role` (
  `role_id` int(11) NOT NULL AUTO_INCREMENT,
  `role_name` varchar(50) NOT NULL,
  PRIMARY KEY (`role_id`)
) ENGINE=InnoDB  DEFAULT CHARSET=latin1 AUTO_INCREMENT=5 ;

--
-- Dumping data for table `role`
--

INSERT INTO `role` (`role_id`, `role_name`) VALUES
(1, 'Company'),
(2, 'Provider'),
(3, 'Trainer'),
(4, 'Attendance');

-- --------------------------------------------------------

--
-- Table structure for table `tr_award`
--

CREATE TABLE IF NOT EXISTS `tr_award` (
  `tr_award_id` int(11) NOT NULL AUTO_INCREMENT,
  `user_id` int(11) NOT NULL,
  `award_title` varchar(100) NOT NULL,
  `award_description` text NOT NULL,
  `publisher_name` varchar(100) NOT NULL,
  `award_date` timestamp NOT NULL DEFAULT CURRENT_TIMESTAMP ON UPDATE CURRENT_TIMESTAMP,
  PRIMARY KEY (`tr_award_id`)
) ENGINE=MyISAM  DEFAULT CHARSET=utf8 AUTO_INCREMENT=11 ;

--
-- Dumping data for table `tr_award`
--

INSERT INTO `tr_award` (`tr_award_id`, `user_id`, `award_title`, `award_description`, `publisher_name`, `award_date`) VALUES
(9, 342, 'SPEAQUS AWARD 1', 'SPEAQUS Details', 'Bina Nusantara Computer Club', '2016-01-06 17:00:00'),
(3, 265, 'The best speech of emancipation woman in Kartini day', 'Raden Ayu Kartini sometimes known as Raden Ajeng Kartini, was a prominent Indonesian national heroine from Java. She was also a pioneer in the area of education for girls and women''s rights for Indonesians.', 'Kemurnian II', '2011-04-20 17:00:00'),
(4, 265, 'The best writing mandarin at chinese new year festival', 'Lunar New Year is the first day of a secular, sacred, or other year whose months are coordinated by the cycles of the moon. The whole year may account to a purely lunar calendar', 'SMA Kristen 6 BPK Penabur', '2010-01-16 17:00:00'),
(7, 276, 'Best Practitioner in Cold Calling Competition', '2001 – Best Practitioner in Cold Calling Competition, IMPAC University at Punta Gorda, Florida, USA.', 'IMPAC University ', '2001-11-30 17:00:00');

-- --------------------------------------------------------

--
-- Table structure for table `tr_award_expertise`
--

CREATE TABLE IF NOT EXISTS `tr_award_expertise` (
  `tr_award_expertise_id` int(11) NOT NULL AUTO_INCREMENT,
  `tr_award_id` int(11) NOT NULL,
  `expertise_id` int(11) NOT NULL,
  PRIMARY KEY (`tr_award_expertise_id`)
) ENGINE=MyISAM  DEFAULT CHARSET=utf8 AUTO_INCREMENT=43 ;

--
-- Dumping data for table `tr_award_expertise`
--

INSERT INTO `tr_award_expertise` (`tr_award_expertise_id`, `tr_award_id`, `expertise_id`) VALUES
(22, 9, 52),
(12, 4, 105),
(11, 4, 104),
(10, 3, 103),
(9, 3, 102),
(8, 3, 101),
(30, 7, 246),
(29, 7, 140),
(21, 8, 119);

-- --------------------------------------------------------

--
-- Table structure for table `tr_certification`
--

CREATE TABLE IF NOT EXISTS `tr_certification` (
  `tr_certification_id` int(11) NOT NULL AUTO_INCREMENT,
  `user_id` int(11) NOT NULL,
  `certification_title` varchar(100) NOT NULL,
  `certification_description` text NOT NULL,
  `publisher_name` varchar(100) NOT NULL,
  `certification_date` timestamp NOT NULL DEFAULT CURRENT_TIMESTAMP ON UPDATE CURRENT_TIMESTAMP,
  PRIMARY KEY (`tr_certification_id`)
) ENGINE=MyISAM  DEFAULT CHARSET=utf8 AUTO_INCREMENT=20 ;

--
-- Dumping data for table `tr_certification`
--

INSERT INTO `tr_certification` (`tr_certification_id`, `user_id`, `certification_title`, `certification_description`, `publisher_name`, `certification_date`) VALUES
(8, 265, 'Certificate of Attendance', 'AWSome Day is based on the AWS Essentials Course and will take you through a step-by-step deep-dive into AWS core services such as Compute, Storage, Database and Networking. At the end of the session, you will be able to build scalable and secure applications on the AWS Cloud.', 'Amazon Web Services', '2015-09-07 17:00:00'),
(7, 251, 'NLP Practitioner', 'NLP Practitioner', 'American Board of NLP', '2008-03-22 17:00:00'),
(9, 265, 'Unlimited Opportunity', 'Binus Entrepreneurship Center (BEC) presents "Unlimited Opportunity in Internet and Didital Industry - Bai Du Indonesia" Seminar.', 'Binus University', '2015-06-10 17:00:00'),
(10, 265, 'Learning and Training Web Programming', 'I have successfully completed all of Learning and training Web Programming course and is recognized as a Web Programmer Professional', 'Bina Nusantara Computer Club', '2013-06-01 17:00:00'),
(11, 265, 'Certificate of Participation', 'BINUS Start Up Accelerator is a series of  pitching-mentorship program for BINUSIAN active students in pursuing entrepreneurial spirit and experiences to potentially scale the business in the market. At the end of the program, a Demo Day will be held for the startups to meet and pitch in front of the investors. Speaqus took place as a Finalist in Demo Day on September 30th 2015 Binus Startup Accelerator', 'Binus University', '2015-09-29 17:00:00'),
(14, 276, 'Sales Training for Regional Vice President Level 1 and Level 2.', '2001 – Awarded certificates from IMPAC University at Punta Gorda, Florida, USA for Sales Training for Regional Vice President Level 1 and Level 2.', 'IMPAC University ', '2000-12-31 17:00:00');

-- --------------------------------------------------------

--
-- Table structure for table `tr_certification_expertise`
--

CREATE TABLE IF NOT EXISTS `tr_certification_expertise` (
  `tr_certification_expertise_id` int(11) NOT NULL AUTO_INCREMENT,
  `tr_certification_id` int(11) NOT NULL,
  `expertise_id` int(11) NOT NULL,
  PRIMARY KEY (`tr_certification_expertise_id`)
) ENGINE=MyISAM  DEFAULT CHARSET=utf8 AUTO_INCREMENT=103 ;

--
-- Dumping data for table `tr_certification_expertise`
--

INSERT INTO `tr_certification_expertise` (`tr_certification_expertise_id`, `tr_certification_id`, `expertise_id`) VALUES
(63, 8, 94),
(64, 8, 95),
(65, 8, 96),
(66, 8, 97),
(67, 8, 98),
(68, 9, 51),
(69, 9, 99),
(70, 9, 3),
(71, 9, 71),
(72, 10, 62),
(73, 10, 63),
(74, 10, 100),
(75, 10, 52),
(76, 10, 91),
(77, 10, 90),
(78, 10, 92),
(79, 11, 26),
(80, 11, 106),
(81, 11, 107),
(82, 11, 108),
(87, 14, 71),
(88, 15, 117),
(89, 15, 118);

-- --------------------------------------------------------

--
-- Table structure for table `tr_client_list`
--

CREATE TABLE IF NOT EXISTS `tr_client_list` (
  `tr_client_list_id` int(11) NOT NULL AUTO_INCREMENT,
  `user_id` int(11) NOT NULL,
  `group_id` int(11) NOT NULL,
  PRIMARY KEY (`tr_client_list_id`)
) ENGINE=MyISAM  DEFAULT CHARSET=utf8 AUTO_INCREMENT=32 ;

--
-- Dumping data for table `tr_client_list`
--

INSERT INTO `tr_client_list` (`tr_client_list_id`, `user_id`, `group_id`) VALUES
(1, 108, 57),
(2, 108, 58),
(3, 108, 59),
(4, 108, 60),
(5, 108, 61),
(6, 108, 62),
(7, 108, 63),
(8, 108, 64),
(9, 108, 65),
(10, 108, 66),
(11, 108, 67),
(12, 108, 68),
(13, 108, 69),
(14, 265, 109),
(15, 265, 110),
(16, 265, 113),
(27, 312, 212),
(26, 265, 191),
(19, 265, 122),
(20, 279, 185),
(21, 279, 187),
(22, 279, 188),
(23, 279, 187),
(24, 279, 189),
(25, 279, 190),
(28, 295, 9),
(29, 322, 218),
(30, 354, 236);

-- --------------------------------------------------------

--
-- Table structure for table `tr_connect`
--

CREATE TABLE IF NOT EXISTS `tr_connect` (
  `tr_connect_id` int(11) NOT NULL AUTO_INCREMENT,
  `user_id` int(11) NOT NULL,
  `connect_id` int(11) NOT NULL,
  `refer_status` int(11) NOT NULL,
  `role_friend` int(11) NOT NULL,
  PRIMARY KEY (`tr_connect_id`)
) ENGINE=InnoDB  DEFAULT CHARSET=latin1 AUTO_INCREMENT=148 ;

--
-- Dumping data for table `tr_connect`
--

INSERT INTO `tr_connect` (`tr_connect_id`, `user_id`, `connect_id`, `refer_status`, `role_friend`) VALUES
(1, 61, 62, 0, 0),
(13, 108, 109, 0, 0),
(14, 108, 110, 0, 0),
(15, 108, 111, 0, 0),
(16, 108, 112, 0, 0),
(17, 117, 118, 0, 0),
(21, 135, 137, 0, 0),
(22, 136, 138, 0, 0),
(25, 166, 167, 0, 0),
(26, 166, 168, 0, 0),
(27, 166, 169, 0, 0),
(28, 166, 170, 0, 0),
(29, 166, 171, 0, 0),
(30, 166, 172, 0, 0),
(31, 166, 173, 0, 0),
(32, 166, 174, 0, 0),
(33, 166, 175, 0, 0),
(34, 166, 176, 0, 0),
(40, 108, 209, 0, 0),
(41, 108, 210, 1, 0),
(42, 108, 211, 0, 0),
(43, 108, 212, 0, 0),
(44, 108, 213, 0, 0),
(45, 108, 214, 0, 0),
(46, 108, 215, 0, 0),
(47, 108, 216, 0, 0),
(48, 108, 217, 0, 0),
(49, 108, 218, 0, 0),
(50, 108, 219, 0, 0),
(51, 108, 220, 0, 0),
(52, 108, 221, 0, 0),
(53, 108, 222, 0, 0),
(54, 108, 223, 0, 0),
(55, 108, 224, 0, 0),
(56, 225, 226, 0, 0),
(57, 227, 228, 0, 0),
(58, 227, 229, 0, 0),
(59, 230, 231, 0, 0),
(60, 243, 245, 0, 0),
(61, 243, 246, 0, 0),
(62, 243, 248, 1, 0),
(63, 243, 249, 0, 0),
(66, 265, 266, 0, 0),
(67, 265, 267, 0, 0),
(68, 265, 268, 0, 0),
(72, 274, 275, 0, 0),
(73, 279, 283, 0, 0),
(79, 265, 290, 0, 0),
(80, 292, 293, 0, 0),
(86, 312, 313, 0, 0),
(87, 295, 182, 1, 0),
(88, 265, 321, 0, 0),
(89, 322, 323, 0, 0),
(90, 322, 273, 1, 0),
(93, 328, 329, 0, 0),
(94, 335, 336, 0, 0),
(95, 342, 265, 0, 0),
(100, 342, 343, 0, 0),
(102, 342, 344, 0, 0),
(104, 342, 113, 0, 0),
(106, 342, 345, 0, 0),
(107, 342, 334, 0, 0),
(108, 302, 346, 0, 0),
(111, 351, 265, 0, 0),
(112, 342, 352, 0, 0),
(113, 342, 352, 0, 0),
(114, 342, 352, 0, 0),
(115, 342, 265, 1, 0),
(116, 302, 265, 0, 0),
(119, 342, 356, 0, 0),
(120, 351, 355, 0, 0),
(121, 342, 357, 0, 0),
(122, 342, 358, 0, 0),
(123, 342, 359, 0, 0),
(124, 342, 360, 0, 0),
(125, 342, 320, 0, 0),
(126, 342, 353, 0, 0),
(127, 342, 361, 0, 0),
(132, 354, 355, 1, 0),
(134, 342, 363, 0, 0),
(135, 342, 365, 0, 0),
(137, 368, 369, 0, 0),
(138, 372, 373, 0, 0),
(139, 372, 374, 0, 0),
(141, 370, 377, 0, 0),
(145, 265, 378, 0, 0),
(146, 302, 382, 0, 0),
(147, 265, 390, 0, 0);

-- --------------------------------------------------------

--
-- Table structure for table `tr_endorse`
--

CREATE TABLE IF NOT EXISTS `tr_endorse` (
  `tr_endorse_id` int(11) NOT NULL AUTO_INCREMENT,
  `endorse_id` int(11) NOT NULL,
  `tr_user_expertise_id` int(11) NOT NULL,
  `is_verified` int(11) NOT NULL,
  PRIMARY KEY (`tr_endorse_id`)
) ENGINE=MyISAM  DEFAULT CHARSET=utf8 AUTO_INCREMENT=55 ;

--
-- Dumping data for table `tr_endorse`
--

INSERT INTO `tr_endorse` (`tr_endorse_id`, `endorse_id`, `tr_user_expertise_id`, `is_verified`) VALUES
(1, 227, 49, 1),
(2, 227, 50, 1),
(3, 227, 51, 1),
(4, 227, 52, 1),
(5, 227, 53, 1),
(6, 227, 54, 1),
(7, 230, 55, 1),
(8, 230, 56, 1),
(9, 230, 57, 1),
(10, 243, 69, 1),
(40, 356, 167, 0),
(42, 361, 169, 0),
(38, 353, 165, 1),
(41, 357, 168, 0),
(39, 353, 166, 1),
(37, 353, 164, 1),
(45, 355, 164, 1),
(44, 361, 171, 0),
(43, 361, 170, 0),
(22, 305, 129, 1),
(23, 305, 130, 1),
(24, 305, 131, 1),
(25, 328, 136, 1),
(26, 328, 137, 1),
(27, 328, 138, 1),
(33, 348, 158, 1),
(32, 348, 157, 1),
(31, 348, 156, 1),
(47, 355, 166, 1),
(46, 355, 165, 1),
(54, 351, 139, 1),
(51, 368, 176, 1),
(52, 368, 177, 1),
(53, 368, 178, 1);

-- --------------------------------------------------------

--
-- Table structure for table `tr_featured`
--

CREATE TABLE IF NOT EXISTS `tr_featured` (
  `tr_featured_id` int(11) NOT NULL AUTO_INCREMENT,
  `user_id` int(11) NOT NULL,
  `group_id` int(11) NOT NULL,
  PRIMARY KEY (`tr_featured_id`)
) ENGINE=MyISAM  DEFAULT CHARSET=utf8 AUTO_INCREMENT=39 ;

--
-- Dumping data for table `tr_featured`
--

INSERT INTO `tr_featured` (`tr_featured_id`, `user_id`, `group_id`) VALUES
(12, 76, 9),
(22, 302, 204),
(13, 76, 9),
(27, 330, 204),
(24, 331, 204),
(25, 332, 204),
(28, 337, 204),
(29, 338, 204),
(30, 339, 204),
(31, 340, 204),
(33, 364, 239),
(34, 370, 247),
(35, 346, 204),
(36, 373, 250),
(37, 372, 250),
(38, 374, 250);

-- --------------------------------------------------------

--
-- Table structure for table `tr_follow_group`
--

CREATE TABLE IF NOT EXISTS `tr_follow_group` (
  `tr_follow_group_id` int(11) NOT NULL AUTO_INCREMENT,
  `user_id` int(11) NOT NULL,
  `group_id` int(11) NOT NULL,
  `registration_follow_date` timestamp NOT NULL DEFAULT CURRENT_TIMESTAMP ON UPDATE CURRENT_TIMESTAMP,
  PRIMARY KEY (`tr_follow_group_id`)
) ENGINE=MyISAM  DEFAULT CHARSET=utf8 AUTO_INCREMENT=240 ;

--
-- Dumping data for table `tr_follow_group`
--

INSERT INTO `tr_follow_group` (`tr_follow_group_id`, `user_id`, `group_id`, `registration_follow_date`) VALUES
(1, 61, 1, '2015-10-01 10:36:54'),
(2, 67, 3, '2015-10-05 02:19:26'),
(3, 68, 4, '2015-10-05 04:26:06'),
(4, 69, 5, '2015-10-05 05:13:29'),
(5, 71, 6, '2015-10-05 06:53:22'),
(6, 73, 7, '2015-10-05 12:40:15'),
(7, 75, 8, '2015-10-06 04:05:31'),
(147, 293, 193, '2015-12-10 07:12:09'),
(146, 292, 193, '2015-12-10 07:11:12'),
(135, 279, 184, '2015-12-07 02:53:53'),
(145, 291, 192, '2015-12-10 03:28:17'),
(164, 309, 209, '2015-12-16 06:40:18'),
(13, 86, 13, '2015-10-09 01:22:46'),
(117, 261, 9, '2015-11-24 07:04:57'),
(15, 88, 14, '2015-10-09 10:07:22'),
(16, 88, 14, '2015-10-09 10:07:33'),
(17, 88, 14, '2015-10-09 10:07:43'),
(202, 356, 230, '2016-01-09 14:41:47'),
(188, 330, 204, '2016-01-07 13:14:06'),
(121, 265, 107, '2015-11-25 01:47:44'),
(130, 265, 9, '2015-12-01 07:14:07'),
(124, 269, 114, '2015-11-25 07:34:05'),
(131, 274, 123, '2015-12-01 08:00:41'),
(134, 279, 184, '2015-12-07 02:53:53'),
(133, 276, 124, '2015-12-01 12:08:25'),
(132, 275, 123, '2015-12-01 08:01:55'),
(27, 108, 15, '2015-10-15 03:19:19'),
(28, 108, 16, '2015-10-15 03:19:19'),
(29, 113, 17, '2015-10-15 04:51:23'),
(201, 355, 9, '2016-01-09 14:38:45'),
(187, 336, 223, '2016-01-07 13:11:09'),
(136, 283, 185, '2015-12-07 03:01:33'),
(186, 335, 222, '2016-01-07 13:09:14'),
(34, 130, 21, '2015-10-19 03:09:33'),
(35, 131, 22, '2015-10-19 03:36:38'),
(36, 129, 23, '2015-10-19 03:45:05'),
(37, 129, 24, '2015-10-19 03:45:05'),
(185, 334, 221, '2016-01-07 12:04:26'),
(39, 134, 25, '2015-10-19 09:29:26'),
(40, 134, 26, '2015-10-19 09:29:26'),
(41, 135, 27, '2015-10-20 02:47:51'),
(42, 136, 28, '2015-10-20 02:48:48'),
(43, 139, 29, '2015-10-20 03:02:43'),
(44, 141, 30, '2015-10-20 03:09:26'),
(45, 142, 31, '2015-10-20 03:16:12'),
(46, 143, 32, '2015-10-20 03:19:14'),
(47, 144, 33, '2015-10-20 03:21:57'),
(48, 145, 34, '2015-10-20 03:26:12'),
(49, 146, 35, '2015-10-20 03:29:46'),
(50, 148, 36, '2015-10-20 03:33:00'),
(51, 149, 37, '2015-10-20 03:35:00'),
(52, 150, 38, '2015-10-20 03:37:02'),
(53, 151, 39, '2015-10-20 03:38:28'),
(54, 152, 40, '2015-10-20 03:41:27'),
(55, 154, 41, '2015-10-21 04:29:14'),
(168, 312, 211, '2015-12-16 08:35:00'),
(167, 311, 210, '2015-12-16 07:17:13'),
(58, 157, 44, '2015-10-22 02:24:29'),
(59, 163, 45, '2015-10-26 09:37:38'),
(60, 165, 46, '2015-10-27 09:55:00'),
(61, 165, 47, '2015-10-27 09:55:00'),
(62, 166, 48, '2015-10-28 03:20:15'),
(63, 178, 36, '2015-10-29 03:39:14'),
(64, 179, 49, '2015-10-30 10:52:12'),
(196, 349, 226, '2016-01-09 10:21:06'),
(199, 351, 228, '2016-01-09 10:46:50'),
(149, 295, 1, '2015-12-10 08:26:21'),
(148, 294, 194, '2015-12-10 08:18:27'),
(156, 301, 203, '2015-12-11 09:15:43'),
(70, 187, 54, '2015-11-02 10:10:10'),
(173, 318, 214, '2015-12-23 08:34:23'),
(172, 317, 214, '2015-12-23 08:32:36'),
(73, 190, 70, '2015-11-04 06:00:30'),
(74, 190, 71, '2015-11-04 06:00:30'),
(75, 193, 72, '2015-11-04 13:55:41'),
(76, 196, 73, '2015-11-05 08:22:45'),
(161, 265, 206, '2015-12-15 11:10:19'),
(162, 306, 207, '2015-12-15 11:11:43'),
(154, 299, 201, '2015-12-10 23:07:18'),
(153, 298, 5, '2015-12-10 09:28:24'),
(155, 300, 202, '2015-12-11 08:23:37'),
(151, 296, 196, '2015-12-10 08:29:26'),
(150, 296, 195, '2015-12-10 08:28:49'),
(84, 207, 78, '2015-11-09 07:56:41'),
(85, 208, 80, '2015-11-10 09:09:31'),
(86, 108, 81, '2015-11-11 08:28:52'),
(87, 108, 82, '2015-11-11 08:34:57'),
(88, 108, 83, '2015-11-11 08:41:05'),
(89, 108, 84, '2015-11-11 08:41:41'),
(90, 108, 61, '2015-11-11 08:42:04'),
(91, 108, 85, '2015-11-11 08:43:17'),
(92, 108, 86, '2015-11-11 08:44:11'),
(93, 108, 87, '2015-11-11 08:44:50'),
(94, 108, 88, '2015-11-11 08:45:53'),
(95, 108, 89, '2015-11-11 08:46:11'),
(96, 210, 90, '2015-11-12 01:07:04'),
(97, 225, 41, '2015-11-12 02:38:32'),
(98, 227, 6, '2015-11-12 06:47:48'),
(99, 230, 91, '2015-11-12 09:14:49'),
(169, 313, 212, '2015-12-16 08:36:43'),
(101, 234, 93, '2015-11-13 02:03:12'),
(102, 235, 94, '2015-11-13 04:33:26'),
(103, 240, 95, '2015-11-15 16:54:40'),
(104, 243, 96, '2015-11-18 03:18:24'),
(105, 243, 97, '2015-11-18 03:21:04'),
(106, 243, 98, '2015-11-18 03:22:26'),
(107, 243, 99, '2015-11-18 03:23:05'),
(108, 248, 100, '2015-11-18 03:53:32'),
(109, 251, 101, '2015-11-19 10:24:46'),
(110, 251, 101, '2015-11-19 10:24:46'),
(203, 355, 229, '2016-01-09 15:31:19'),
(157, 302, 204, '2015-12-14 09:56:52'),
(113, 254, 104, '2015-11-23 06:30:28'),
(114, 255, 105, '2015-11-23 10:43:16'),
(174, 319, 214, '2015-12-23 08:51:08'),
(171, 315, 213, '2015-12-17 02:30:01'),
(175, 319, 214, '2015-12-23 09:21:17'),
(176, 321, 131, '2015-12-23 15:36:37'),
(177, 322, 216, '2015-12-23 15:38:00'),
(178, 323, 217, '2015-12-23 15:39:35'),
(184, 334, 9, '2016-01-07 12:04:26'),
(180, 322, 2, '2015-12-24 01:06:18'),
(181, 324, 219, '2015-12-29 10:00:46'),
(238, 390, 2, '2016-01-27 12:26:56'),
(183, 328, 220, '2016-01-06 02:39:24'),
(189, 330, 204, '2016-01-07 13:14:06'),
(190, 340, 204, '2016-01-07 15:03:48'),
(191, 340, 204, '2016-01-07 15:03:48'),
(192, 341, 224, '2016-01-07 16:16:09'),
(193, 341, 225, '2016-01-07 16:16:09'),
(194, 342, 9, '2016-01-08 03:01:38'),
(197, 349, 227, '2016-01-09 10:21:06'),
(204, 357, 231, '2016-01-09 15:37:13'),
(205, 358, 232, '2016-01-09 15:56:58'),
(206, 359, 229, '2016-01-09 15:58:34'),
(207, 360, 233, '2016-01-09 16:05:06'),
(208, 320, 234, '2016-01-09 16:18:23'),
(234, 381, 269, '2016-01-18 07:04:47'),
(210, 361, 229, '2016-01-09 17:33:33'),
(211, 361, 229, '2016-01-09 17:36:03'),
(212, 354, 9, '2016-01-09 18:34:07'),
(213, 354, 229, '2016-01-09 18:34:07'),
(214, 355, 236, '2016-01-09 18:41:18'),
(237, 390, 272, '2016-01-27 12:16:33'),
(216, 363, 237, '2016-01-09 19:10:42'),
(217, 355, 236, '2016-01-09 19:50:55'),
(218, 364, 239, '2016-01-11 04:27:00'),
(219, 365, 241, '2016-01-11 05:30:41'),
(223, 368, 246, '2016-01-11 06:52:25'),
(224, 370, 247, '2016-01-11 07:15:35'),
(225, 371, 215, '2016-01-11 07:15:53'),
(226, 372, 250, '2016-01-11 07:41:12'),
(228, 355, 9, '2016-01-11 08:50:44'),
(229, 376, 264, '2016-01-12 06:36:54'),
(230, 306, 207, '2016-01-13 03:35:12'),
(233, 380, 9, '2016-01-15 05:11:52'),
(232, 378, 2, '2016-01-13 04:45:00'),
(239, 391, 229, '2016-02-01 10:53:40');

-- --------------------------------------------------------

--
-- Table structure for table `tr_group`
--

CREATE TABLE IF NOT EXISTS `tr_group` (
  `tr_group_id` int(11) NOT NULL AUTO_INCREMENT,
  `user_id` int(11) NOT NULL,
  `group_id` int(11) NOT NULL,
  `group_role_id` int(11) NOT NULL,
  PRIMARY KEY (`tr_group_id`)
) ENGINE=MyISAM  DEFAULT CHARSET=utf8 AUTO_INCREMENT=280 ;

--
-- Dumping data for table `tr_group`
--

INSERT INTO `tr_group` (`tr_group_id`, `user_id`, `group_id`, `group_role_id`) VALUES
(1, 61, 1, 1),
(2, 67, 3, 1),
(3, 68, 4, 2),
(4, 69, 5, 1),
(5, 71, 6, 1),
(6, 73, 7, 2),
(7, 75, 8, 1),
(147, 292, 193, 1),
(146, 291, 192, 1),
(278, 390, 2, 1),
(165, 309, 209, 1),
(218, 113, 9, 2),
(13, 86, 13, 1),
(222, 349, 226, 2),
(15, 88, 14, 2),
(16, 88, 14, 2),
(17, 88, 14, 2),
(266, 334, 251, 2),
(207, 339, 204, 2),
(121, 265, 107, 1),
(232, 355, 9, 1),
(124, 269, 114, 1),
(132, 274, 123, 1),
(135, 279, 184, 2),
(134, 276, 124, 1),
(133, 275, 123, 1),
(27, 108, 15, 2),
(28, 108, 16, 2),
(29, 113, 17, 1),
(206, 338, 204, 2),
(137, 283, 185, 1),
(136, 279, 184, 2),
(265, 377, 247, 2),
(34, 130, 21, 2),
(35, 131, 22, 1),
(36, 129, 23, 2),
(37, 129, 24, 2),
(201, 336, 223, 1),
(39, 134, 25, 2),
(40, 134, 26, 2),
(41, 135, 27, 1),
(42, 136, 28, 1),
(43, 139, 29, 1),
(44, 141, 30, 1),
(45, 142, 31, 1),
(46, 143, 32, 1),
(47, 144, 33, 1),
(48, 145, 34, 1),
(49, 146, 35, 1),
(50, 148, 36, 1),
(51, 149, 37, 1),
(52, 150, 38, 1),
(53, 151, 39, 1),
(54, 152, 40, 1),
(55, 154, 41, 2),
(169, 312, 211, 1),
(168, 311, 210, 1),
(58, 157, 44, 2),
(59, 163, 45, 2),
(60, 165, 46, 2),
(61, 165, 47, 2),
(62, 166, 48, 1),
(63, 178, 36, 1),
(64, 179, 49, 1),
(224, 346, 204, 2),
(199, 334, 221, 2),
(149, 294, 194, 1),
(148, 293, 193, 1),
(155, 299, 201, 1),
(70, 187, 54, 1),
(174, 318, 214, 1),
(173, 317, 214, 1),
(73, 190, 70, 2),
(74, 190, 71, 2),
(75, 193, 72, 2),
(76, 196, 73, 2),
(158, 302, 204, 1),
(162, 265, 206, 1),
(154, 298, 5, 1),
(156, 300, 202, 1),
(152, 296, 196, 1),
(151, 296, 195, 1),
(150, 295, 1, 1),
(84, 207, 78, 1),
(85, 208, 80, 1),
(86, 108, 81, 1),
(87, 108, 82, 1),
(88, 108, 83, 1),
(89, 108, 84, 1),
(90, 108, 61, 1),
(91, 108, 85, 1),
(92, 108, 86, 1),
(93, 108, 87, 1),
(94, 108, 88, 1),
(95, 108, 89, 1),
(96, 210, 90, 1),
(97, 225, 41, 1),
(98, 227, 6, 1),
(99, 230, 91, 1),
(163, 306, 207, 1),
(101, 234, 93, 1),
(102, 235, 94, 1),
(103, 240, 95, 1),
(104, 243, 96, 1),
(105, 243, 97, 1),
(106, 243, 98, 1),
(107, 243, 99, 1),
(108, 248, 100, 1),
(109, 251, 101, 2),
(110, 251, 101, 2),
(170, 313, 212, 1),
(157, 301, 203, 1),
(113, 254, 104, 1),
(114, 255, 105, 1),
(172, 315, 213, 1),
(223, 349, 227, 2),
(175, 319, 214, 1),
(176, 317, 0, 2),
(236, 358, 232, 1),
(178, 319, 214, 1),
(179, 319, 0, 2),
(180, 321, 131, 1),
(181, 322, 216, 1),
(182, 323, 217, 1),
(183, 265, 0, 2),
(184, 265, 0, 2),
(185, 265, 0, 2),
(186, 265, 216, 2),
(187, 265, 216, 2),
(198, 334, 9, 2),
(189, 322, 2, 1),
(190, 324, 219, 1),
(233, 356, 230, 1),
(192, 328, 220, 1),
(205, 330, 204, 2),
(194, 331, 204, 2),
(195, 332, 204, 2),
(200, 335, 222, 1),
(204, 337, 204, 2),
(213, 341, 225, 2),
(212, 341, 224, 2),
(211, 340, 204, 2),
(214, 342, 9, 1),
(273, 334, 228, 2),
(274, 382, 204, 2),
(228, 352, 9, 2),
(235, 357, 231, 1),
(238, 360, 233, 1),
(239, 320, 234, 1),
(272, 381, 269, 1),
(263, 376, 264, 1),
(262, 355, 9, 1),
(243, 354, 229, 2),
(244, 354, 9, 2),
(245, 354, 229, 2),
(246, 355, 236, 1),
(279, 391, 229, 1),
(248, 363, 237, 1),
(249, 355, 236, 1),
(250, 364, 239, 1),
(251, 365, 241, 1),
(255, 368, 246, 1),
(256, 370, 247, 1),
(257, 371, 215, 1),
(258, 372, 250, 1),
(259, 373, 250, 2),
(260, 374, 250, 2),
(267, 306, 207, 1),
(271, 380, 9, 1),
(269, 378, 2, 1),
(277, 390, 272, 1);

-- --------------------------------------------------------

--
-- Table structure for table `tr_group_award`
--

CREATE TABLE IF NOT EXISTS `tr_group_award` (
  `tr_group_award_id` int(11) NOT NULL AUTO_INCREMENT,
  `group_id` int(11) NOT NULL,
  `group_award_title` varchar(100) NOT NULL,
  `group_award_description` text NOT NULL,
  `group_publisher_name` varchar(100) NOT NULL,
  `group_award_date` date NOT NULL,
  PRIMARY KEY (`tr_group_award_id`)
) ENGINE=MyISAM  DEFAULT CHARSET=utf8 AUTO_INCREMENT=2 ;

--
-- Dumping data for table `tr_group_award`
--

INSERT INTO `tr_group_award` (`tr_group_award_id`, `group_id`, `group_award_title`, `group_award_description`, `group_publisher_name`, `group_award_date`) VALUES
(1, 228, 'SPEAQUS AWARD 1', ' ', 'Bina Nusantara Computer Club', '1970-01-01');

-- --------------------------------------------------------

--
-- Table structure for table `tr_group_award_expertise`
--

CREATE TABLE IF NOT EXISTS `tr_group_award_expertise` (
  `tr_group_award_expertise_id` int(11) NOT NULL AUTO_INCREMENT,
  `tr_group_award_id` int(11) NOT NULL,
  `expertise_id` int(11) NOT NULL,
  PRIMARY KEY (`tr_group_award_expertise_id`)
) ENGINE=MyISAM  DEFAULT CHARSET=utf8 AUTO_INCREMENT=3 ;

--
-- Dumping data for table `tr_group_award_expertise`
--

INSERT INTO `tr_group_award_expertise` (`tr_group_award_expertise_id`, `tr_group_award_id`, `expertise_id`) VALUES
(1, 1, 89),
(2, 1, 249);

-- --------------------------------------------------------

--
-- Table structure for table `tr_group_certification`
--

CREATE TABLE IF NOT EXISTS `tr_group_certification` (
  `tr_group_certification_id` int(11) NOT NULL AUTO_INCREMENT,
  `group_id` int(11) NOT NULL,
  `group_certification_title` varchar(100) NOT NULL,
  `group_certification_description` text NOT NULL,
  `group_publisher_name` varchar(100) NOT NULL,
  `group_certification_date` date NOT NULL,
  PRIMARY KEY (`tr_group_certification_id`)
) ENGINE=MyISAM  DEFAULT CHARSET=utf8 AUTO_INCREMENT=3 ;

--
-- Dumping data for table `tr_group_certification`
--

INSERT INTO `tr_group_certification` (`tr_group_certification_id`, `group_id`, `group_certification_title`, `group_certification_description`, `group_publisher_name`, `group_certification_date`) VALUES
(1, 251, 'IT Certification', ' ', 'Dunamis', '1994-02-10'),
(2, 228, 'Certificate of Participation', ' ', 'Binus University', '2000-03-01');

-- --------------------------------------------------------

--
-- Table structure for table `tr_group_certification_expertise`
--

CREATE TABLE IF NOT EXISTS `tr_group_certification_expertise` (
  `tr_group_certification_expertise_id` int(11) NOT NULL AUTO_INCREMENT,
  `tr_group_certification_id` int(11) NOT NULL,
  `expertise_id` int(11) NOT NULL,
  PRIMARY KEY (`tr_group_certification_expertise_id`)
) ENGINE=MyISAM  DEFAULT CHARSET=utf8 AUTO_INCREMENT=5 ;

--
-- Dumping data for table `tr_group_certification_expertise`
--

INSERT INTO `tr_group_certification_expertise` (`tr_group_certification_expertise_id`, `tr_group_certification_id`, `expertise_id`) VALUES
(1, 1, 24),
(4, 2, 89);

-- --------------------------------------------------------

--
-- Table structure for table `tr_group_client_list`
--

CREATE TABLE IF NOT EXISTS `tr_group_client_list` (
  `tr_group_client_list_id` int(11) NOT NULL AUTO_INCREMENT,
  `group_id` int(11) NOT NULL,
  `client_id` int(11) NOT NULL,
  PRIMARY KEY (`tr_group_client_list_id`)
) ENGINE=MyISAM DEFAULT CHARSET=utf8 AUTO_INCREMENT=1 ;

-- --------------------------------------------------------

--
-- Table structure for table `tr_group_endorse`
--

CREATE TABLE IF NOT EXISTS `tr_group_endorse` (
  `tr_group_endorse_id` int(11) NOT NULL AUTO_INCREMENT,
  `user_id` int(11) NOT NULL,
  `tr_group_expertise_id` int(11) NOT NULL,
  `is_verified` int(11) NOT NULL,
  PRIMARY KEY (`tr_group_endorse_id`)
) ENGINE=MyISAM  DEFAULT CHARSET=utf8 AUTO_INCREMENT=61 ;

--
-- Dumping data for table `tr_group_endorse`
--

INSERT INTO `tr_group_endorse` (`tr_group_endorse_id`, `user_id`, `tr_group_expertise_id`, `is_verified`) VALUES
(3, 310, 37, 0),
(4, 310, 38, 0),
(5, 295, 39, 0),
(6, 295, 40, 0),
(7, 334, 41, 0),
(8, 334, 42, 0),
(9, 330, 43, 0),
(10, 330, 44, 0),
(11, 330, 45, 0),
(12, 330, 46, 0),
(13, 340, 47, 0),
(14, 340, 48, 0),
(15, 302, 49, 0),
(16, 302, 50, 0),
(17, 302, 51, 0),
(18, 302, 52, 0),
(19, 302, 53, 0),
(20, 302, 54, 0),
(21, 302, 55, 0),
(22, 341, 56, 0),
(23, 340, 57, 0),
(24, 349, 58, 0),
(25, 349, 59, 0),
(26, 354, 60, 0),
(27, 354, 61, 0),
(28, 354, 62, 0),
(29, 364, 63, 0),
(30, 372, 64, 0),
(31, 372, 65, 0),
(32, 372, 66, 0),
(33, 372, 67, 0),
(34, 372, 68, 0),
(35, 372, 69, 0),
(36, 372, 70, 0),
(37, 372, 71, 0),
(38, 372, 72, 0),
(39, 372, 73, 0),
(40, 370, 74, 0),
(41, 370, 75, 0),
(42, 370, 76, 0),
(43, 370, 77, 0),
(44, 377, 78, 0),
(45, 377, 79, 0),
(46, 377, 80, 0),
(47, 377, 81, 0),
(48, 377, 82, 0),
(49, 377, 83, 0),
(50, 377, 84, 0),
(51, 377, 85, 0),
(52, 377, 86, 0),
(53, 377, 87, 0),
(54, 377, 88, 0),
(55, 377, 89, 0),
(56, 377, 90, 0),
(57, 377, 91, 0),
(58, 377, 92, 0),
(59, 377, 93, 0);

-- --------------------------------------------------------

--
-- Table structure for table `tr_group_expertise`
--

CREATE TABLE IF NOT EXISTS `tr_group_expertise` (
  `tr_group_expertise_id` int(11) NOT NULL AUTO_INCREMENT,
  `group_id` int(11) NOT NULL,
  `expertise_id` int(11) NOT NULL,
  `is_deleted` int(11) NOT NULL,
  PRIMARY KEY (`tr_group_expertise_id`)
) ENGINE=MyISAM  DEFAULT CHARSET=utf8 AUTO_INCREMENT=95 ;

--
-- Dumping data for table `tr_group_expertise`
--

INSERT INTO `tr_group_expertise` (`tr_group_expertise_id`, `group_id`, `expertise_id`, `is_deleted`) VALUES
(23, 196, 3, 0),
(22, 196, 172, 0),
(3, 9, 18, 0),
(4, 9, 3, 0),
(5, 41, 67, 0),
(6, 94, 73, 0),
(7, 94, 74, 0),
(8, 95, 75, 0),
(9, 95, 76, 0),
(10, 95, 77, 0),
(11, 100, 78, 0),
(12, 100, 79, 0),
(13, 100, 80, 0),
(14, 100, 81, 0),
(15, 100, 82, 0),
(16, 100, 83, 0),
(39, 1, 185, 0),
(38, 210, 184, 0),
(19, 104, 86, 0),
(20, 104, 2, 0),
(21, 104, 16, 0),
(37, 210, 2, 0),
(27, 5, 175, 0),
(28, 1, 176, 0),
(29, 1, 18, 0),
(30, 1, 32, 0),
(31, 1, 59, 0),
(32, 1, 177, 0),
(33, 1, 178, 0),
(34, 1, 179, 0),
(35, 5, 180, 0),
(36, 5, 181, 0),
(40, 1, 44, 0),
(41, 221, 3, 0),
(42, 221, 2, 0),
(43, 204, 192, 0),
(44, 204, 193, 0),
(45, 204, 194, 0),
(46, 204, 195, 0),
(47, 204, 196, 0),
(48, 204, 161, 0),
(49, 204, 197, 0),
(50, 204, 17, 0),
(51, 204, 198, 0),
(52, 204, 199, 0),
(53, 204, 200, 0),
(54, 204, 201, 0),
(55, 204, 202, 0),
(56, 225, 113, 0),
(57, 204, 203, 0),
(58, 227, 71, 0),
(59, 227, 4, 0),
(60, 229, 48, 0),
(61, 229, 113, 0),
(62, 229, 206, 0),
(63, 239, 209, 0),
(64, 250, 224, 0),
(65, 250, 197, 0),
(66, 250, 225, 0),
(67, 250, 86, 0),
(68, 250, 226, 0),
(69, 250, 227, 0),
(70, 250, 4, 0),
(71, 250, 228, 0),
(72, 250, 229, 0),
(73, 250, 230, 0),
(74, 247, 231, 0),
(75, 247, 86, 0),
(76, 247, 232, 0),
(77, 247, 173, 0),
(78, 247, 273, 0),
(79, 247, 274, 0),
(80, 247, 275, 0),
(81, 247, 276, 0),
(82, 247, 263, 0),
(83, 247, 277, 0),
(84, 247, 229, 0),
(85, 247, 165, 0),
(86, 247, 278, 0),
(87, 247, 279, 0),
(88, 247, 280, 0),
(89, 247, 281, 0),
(90, 247, 282, 0),
(91, 247, 283, 0),
(92, 247, 2, 0),
(93, 247, 284, 0);

-- --------------------------------------------------------

--
-- Table structure for table `tr_group_speaking_experience`
--

CREATE TABLE IF NOT EXISTS `tr_group_speaking_experience` (
  `tr_group_speaking_experience_id` int(11) NOT NULL AUTO_INCREMENT,
  `group_id` int(11) NOT NULL,
  `provider_id` int(11) NOT NULL,
  `user_id` int(11) NOT NULL,
  `group_speaking_experience_title` varchar(100) NOT NULL,
  `group_speaking_experience_description` text NOT NULL,
  `group_speaking_video_link` varchar(100) NOT NULL,
  `group_speaking_experience_date` date NOT NULL,
  `group_retention_status` int(11) NOT NULL,
  PRIMARY KEY (`tr_group_speaking_experience_id`)
) ENGINE=MyISAM  DEFAULT CHARSET=utf8 AUTO_INCREMENT=16 ;

--
-- Dumping data for table `tr_group_speaking_experience`
--

INSERT INTO `tr_group_speaking_experience` (`tr_group_speaking_experience_id`, `group_id`, `provider_id`, `user_id`, `group_speaking_experience_title`, `group_speaking_experience_description`, `group_speaking_video_link`, `group_speaking_experience_date`, `group_retention_status`) VALUES
(1, 9, 0, 76, 'nyap"an 2015', '', 'https://www.youtube.com/watch?v=zsVAbS8xmaU', '0000-00-00', 0),
(3, 9, 0, 94, 'Communicaition skill in 2015', '', 'https://www.youtube.com/watch?v=n9oQEa-d5rU', '0000-00-00', 0),
(5, 215, 9, 0, 'Training Pajak 101 Introduction', 'Pada kali ini training pengenalan pajak dibawakan di Binus', '', '2015-10-01', 0),
(6, 240, 239, 0, 'Diklat Perpajakan', 'Pendidikan dan Pelatihan Pajak Penghasilan (PPh) Pasal 21, 23, 22 dan Pajak Pertambahan Nilai (PPN) 1107 PUT ', '', '2014-05-19', 0),
(7, 240, 239, 0, 'Perencanaan Keuangan Negara', 'Pelatihan Perencanaan Keuangan Negara', '', '2014-12-12', 0),
(8, 242, 239, 0, 'In House Training Brevet Pajak AB', 'In House Training Cakupan Materi Brevet Pajak Tingkat A dan B', '', '2015-09-12', 0),
(9, 243, 239, 0, 'In House Training Brevet Pajak AB', 'In House Training Materi Brevet Pajak Tingkat A dan B', '', '2015-09-12', 0),
(10, 244, 239, 0, 'In House Training Brevet Pajak AB', 'In House Training Brevet Pajak Tingkat A dan B', '', '2015-12-01', 0),
(13, 103, 251, 0, 'Basic Selling for Distribution Sales', ' ', '', '1970-01-01', 0),
(12, 138, 251, 0, 'Basic Selling for Distribution Sales', ' ', '', '1994-03-10', 0),
(14, 103, 251, 0, 'Moderator di Seminar Tech In Asia', ' ', '', '1994-08-10', 0),
(15, 253, 228, 0, 'Experience Title', ' ', '', '1970-01-01', 0);

-- --------------------------------------------------------

--
-- Table structure for table `tr_group_speaking_experience_expertise`
--

CREATE TABLE IF NOT EXISTS `tr_group_speaking_experience_expertise` (
  `tr_group_speaking_experience_expertise_id` int(11) NOT NULL AUTO_INCREMENT,
  `tr_group_speaking_experience_id` int(11) NOT NULL,
  `expertise_id` int(11) NOT NULL,
  PRIMARY KEY (`tr_group_speaking_experience_expertise_id`)
) ENGINE=MyISAM  DEFAULT CHARSET=utf8 AUTO_INCREMENT=43 ;

--
-- Dumping data for table `tr_group_speaking_experience_expertise`
--

INSERT INTO `tr_group_speaking_experience_expertise` (`tr_group_speaking_experience_expertise_id`, `tr_group_speaking_experience_id`, `expertise_id`) VALUES
(1, 5, 186),
(2, 5, 187),
(3, 5, 188),
(4, 6, 210),
(5, 6, 211),
(6, 6, 212),
(7, 6, 213),
(8, 7, 210),
(9, 7, 211),
(10, 7, 212),
(11, 7, 213),
(12, 7, 214),
(13, 8, 210),
(14, 8, 211),
(15, 8, 212),
(16, 8, 213),
(17, 8, 214),
(18, 8, 215),
(19, 8, 216),
(20, 8, 217),
(21, 8, 218),
(22, 9, 210),
(23, 9, 211),
(24, 9, 212),
(25, 9, 213),
(26, 9, 214),
(27, 9, 215),
(28, 9, 216),
(29, 9, 217),
(30, 9, 218),
(31, 10, 210),
(32, 10, 211),
(33, 10, 212),
(34, 10, 213),
(35, 10, 214),
(36, 10, 215),
(37, 10, 216),
(38, 10, 217),
(39, 10, 218),
(42, 15, 248);

-- --------------------------------------------------------

--
-- Table structure for table `tr_group_training_programme`
--

CREATE TABLE IF NOT EXISTS `tr_group_training_programme` (
  `tr_group_training_programme_id` int(11) NOT NULL AUTO_INCREMENT,
  `group_id` int(11) NOT NULL,
  `user_id` int(11) NOT NULL,
  `group_training_programme_title` varchar(100) NOT NULL,
  PRIMARY KEY (`tr_group_training_programme_id`)
) ENGINE=MyISAM  DEFAULT CHARSET=utf8 AUTO_INCREMENT=86 ;

--
-- Dumping data for table `tr_group_training_programme`
--

INSERT INTO `tr_group_training_programme` (`tr_group_training_programme_id`, `group_id`, `user_id`, `group_training_programme_title`) VALUES
(1, 16, 108, 'International NLP Practitioner Course'),
(2, 16, 108, 'International NLP Master Practitioner Course'),
(3, 16, 108, 'International Neuro Linguistic Coach Course'),
(4, 16, 108, 'National Certification of Hypnotherapy'),
(5, 16, 108, 'Excellent Communication with NLP'),
(6, 16, 108, 'Achievement Motivation To Be A Winner'),
(7, 16, 108, 'Problem Solving Decision Making'),
(8, 16, 108, '5S for Highly Productive Line'),
(9, 16, 108, 'Productivity Line Development'),
(10, 16, 108, 'Quality Control Circle'),
(11, 16, 108, 'Massive Action Leadership with NLP'),
(12, 16, 108, 'HR Strategic Planning'),
(13, 16, 108, 'HR for Non HR'),
(14, 16, 108, 'Supervisory Management'),
(26, 210, 0, 'Effective Personal Productivities'),
(16, 78, 0, 'Energy Management System'),
(17, 78, 0, 'Safety Training'),
(18, 78, 0, 'Proper'),
(19, 101, 251, 'BE SALESBRITY TRAINING'),
(20, 101, 251, ' CREATIVITY IN SALESBRITY'),
(21, 101, 251, ' CREATE SERVICE ALA SALESBRITY '),
(22, 101, 251, ' SALESBRITY FOR NON SALES PEOPLE'),
(23, 101, 251, ' SALESBRITY BEHIND THE PHONE'),
(24, 101, 251, ' SALEBSBRITY SHOW TIME. THE ART OF SALESBRITY PRESENTATION'),
(25, 101, 251, ' SALESBRITY MANAGE THE TIME'),
(27, 219, 0, 'Tax Planning '),
(28, 219, 0, 'Finance for Non Finance'),
(29, 219, 0, 'Pengisian SPT Tahunan PPh WP Badan 2015'),
(30, 219, 0, 'Training of Trainers'),
(31, 219, 0, 'Menghadapi Pengadilan Pajak'),
(32, 219, 0, 'Pembuatan Laporan Wajib Pajak Orang Pribadi'),
(33, 204, 0, 'Networking IT'),
(34, 204, 0, 'IT Security Management'),
(35, 204, 0, 'Online Advertising'),
(36, 204, 0, 'S.E.O ( Search Engine Optimization )'),
(37, 204, 0, 'Effective Leadership For Effective Team'),
(38, 204, 0, 'Communication Skill for Personal and Team'),
(39, 204, 0, 'Presentation Skill'),
(40, 204, 0, 'Supervisor Skill'),
(41, 204, 0, 'Managerial Leadership Skill'),
(42, 204, 0, 'Networking and Personal Branding Skill'),
(43, 204, 0, 'Negotation Skill'),
(44, 204, 0, 'Emotional Intelligence'),
(45, 204, 0, 'Self Improvement Management'),
(46, 204, 0, 'Leadership Security Managerial Skill'),
(47, 204, 0, 'Project Management Skill'),
(48, 204, 0, 'Export – Import Personal Skill'),
(49, 204, 0, 'Organization Management'),
(50, 204, 0, 'Train For Trainer'),
(51, 204, 0, 'Service Excellence'),
(52, 204, 0, 'Security Departement Management'),
(53, 204, 0, 'Basic Safety Management'),
(54, 204, 0, 'Finance Management'),
(55, 204, 0, 'Tax Management'),
(56, 204, 0, 'Audit Security Departement,'),
(57, 204, 0, 'Work Life Balance'),
(58, 204, 0, 'Training Management'),
(59, 239, 0, 'Kursus Brevet Pajak Tingkat A dan B'),
(60, 239, 0, 'Kursus Brevet Pajak Tingkat C'),
(61, 239, 0, 'Pelatihan Elektronik SPT (e-SPT)'),
(62, 239, 0, 'Pelatihan Elektronik Faktur Pajak (e-Faktur)'),
(63, 239, 0, 'In House Training Pajak'),
(64, 239, 0, 'Workshop '),
(65, 239, 0, 'Kursus Komputer Akuntansi Accurate'),
(66, 251, 0, 'Training IT'),
(69, 250, 0, 'Organization Design'),
(70, 250, 0, 'Performance Management'),
(71, 250, 0, 'Role/Position Descripting'),
(72, 250, 0, 'Career Planning '),
(73, 250, 0, 'Talent Management'),
(74, 250, 0, 'Remuneration Strategy'),
(75, 250, 0, 'New Employee Orientation Programming'),
(76, 250, 0, 'Training Curriculum Design'),
(77, 250, 0, 'Training Management'),
(78, 250, 0, 'Managerial Leadership Practices'),
(79, 250, 0, ' Organization Communication'),
(80, 250, 0, 'Professionalism Development Programs'),
(81, 250, 0, 'Trainers Builder Workshop'),
(82, 250, 0, 'Coaching for Operating Leaders'),
(83, 250, 0, ' Leadership for Strategic Roles'),
(84, 250, 0, 'Leadership for Operating Leaders'),
(85, 250, 0, 'Followership for Field Employees');

-- --------------------------------------------------------

--
-- Table structure for table `tr_language`
--

CREATE TABLE IF NOT EXISTS `tr_language` (
  `tr_language_id` int(11) NOT NULL AUTO_INCREMENT,
  `user_id` int(11) NOT NULL,
  `language_code` varchar(100) NOT NULL,
  PRIMARY KEY (`tr_language_id`)
) ENGINE=MyISAM  DEFAULT CHARSET=utf8 AUTO_INCREMENT=17 ;

--
-- Dumping data for table `tr_language`
--

INSERT INTO `tr_language` (`tr_language_id`, `user_id`, `language_code`) VALUES
(15, 364, 'Indonesian'),
(7, 265, 'English'),
(6, 265, 'Indonesia'),
(5, 190, 'English, Dutch'),
(8, 265, 'Mandarin'),
(12, 292, 'Indonesia'),
(10, 276, 'Bahasa Indonesia'),
(11, 279, 'bahasa indonesia'),
(13, 292, 'English'),
(14, 292, 'Bahasa'),
(16, 342, 'Indonesian');

-- --------------------------------------------------------

--
-- Table structure for table `tr_review`
--

CREATE TABLE IF NOT EXISTS `tr_review` (
  `tr_review_id` int(11) NOT NULL AUTO_INCREMENT,
  `reviewer_id` int(11) NOT NULL,
  `user_id` int(11) NOT NULL,
  `material_score` int(11) NOT NULL,
  `delivery_score` int(11) NOT NULL,
  `facility_score` int(11) NOT NULL,
  `material_description` text NOT NULL,
  `delivery_description` text NOT NULL,
  `facility_description` text NOT NULL,
  `status` int(11) NOT NULL,
  `is_hidden` int(11) NOT NULL,
  `is_verified` int(11) NOT NULL,
  `registration_date` timestamp NOT NULL DEFAULT CURRENT_TIMESTAMP,
  PRIMARY KEY (`tr_review_id`)
) ENGINE=InnoDB  DEFAULT CHARSET=latin1 AUTO_INCREMENT=57 ;

--
-- Dumping data for table `tr_review`
--

INSERT INTO `tr_review` (`tr_review_id`, `reviewer_id`, `user_id`, `material_score`, `delivery_score`, `facility_score`, `material_description`, `delivery_description`, `facility_description`, `status`, `is_hidden`, `is_verified`, `registration_date`) VALUES
(1, 61, 62, 9, 10, 0, '', '', '', 0, 0, 0, '0000-00-00 00:00:00'),
(6, 108, 109, 0, 0, 0, '', '', '', 0, 0, 0, '0000-00-00 00:00:00'),
(7, 108, 110, 0, 0, 0, '', '', '', 0, 0, 0, '0000-00-00 00:00:00'),
(8, 108, 111, 0, 0, 0, '', '', '', 0, 0, 0, '0000-00-00 00:00:00'),
(9, 108, 209, 0, 0, 0, '', '', '', 0, 0, 0, '0000-00-00 00:00:00'),
(10, 108, 211, 0, 0, 0, '', '', '', 0, 0, 0, '0000-00-00 00:00:00'),
(11, 108, 212, 0, 0, 0, '', '', '', 0, 0, 0, '0000-00-00 00:00:00'),
(12, 108, 213, 0, 0, 0, '', '', '', 0, 0, 0, '0000-00-00 00:00:00'),
(13, 108, 214, 0, 0, 0, '', '', '', 0, 0, 0, '0000-00-00 00:00:00'),
(14, 108, 215, 0, 0, 0, '', '', '', 0, 0, 0, '0000-00-00 00:00:00'),
(15, 225, 226, 8, 0, 8, 'Selama ini kami mggunakan 3B sebagai provider untuk kegiatan Outbound, teamwork and leadership, sangat mendukung dan bagus untuk kepentingan perusahaan', '', '', 0, 0, 0, '0000-00-00 00:00:00'),
(16, 227, 228, 0, 10, 0, '', 'Ybs mempunyai skill dan pengalaman yang bagis, baik dari segi penguasaan materi maupun penyampaian materi', '', 0, 0, 0, '0000-00-00 00:00:00'),
(17, 227, 229, 0, 10, 0, '', '1. Penguasaan materi bagus\n2. Penyampaian materi bagus\n', '', 0, 0, 0, '0000-00-00 00:00:00'),
(18, 230, 231, 0, 8, 0, '', 'Michael has a very good qualitative analysis and having a great communication, presentation, coaching, and leadership skills. ', '', 0, 0, 0, '0000-00-00 00:00:00'),
(19, 243, 249, 0, 9, 0, '', 'Ade adalah trainer yang mendapatkan sertifikasi Juniper Networks Certified Instructor (JNCI), hanya ada 2 orang JNCI di Indonesia pada saat ini. Ade mempunyai pengalaman lapangan lebih dari 10 tahun di bidang Data Networking, terutama di linkungan Service Provider, untuk design, instalasi, implementasi, pemeliharaan dan penanganan gangguan. ', '', 0, 0, 0, '0000-00-00 00:00:00'),
(20, 265, 267, 9, 0, 0, 'Bagus', '', '', 0, 0, 0, '0000-00-00 00:00:00'),
(21, 265, 268, 0, 8, 0, '', 'Keren banged', '', 0, 0, 0, '0000-00-00 00:00:00'),
(22, 265, 273, 10, 0, 10, 'good modules', '', 'good facility', 0, 0, 0, '0000-00-00 00:00:00'),
(29, 265, 305, 9, 0, 8, 'materi yang disampaikan dapat diimplementasikan di dunia kerja', '', 'fasilitas yang dibawakan sangat menarik dan membuat saya tidak mudah bosan', 0, 0, 0, '0000-00-00 00:00:00'),
(30, 306, 305, 0, 8, 0, '', 'Saya sangat senang dengan pembawaan dia', '', 0, 0, 0, '0000-00-00 00:00:00'),
(33, 321, 265, 10, 0, 10, 'test', '', 'test', 0, 0, 0, '2015-12-23 15:36:37'),
(36, 328, 329, 0, 9, 0, '', '', '', 0, 0, 0, '2016-01-06 02:43:03'),
(40, 355, 353, 10, 0, 10, 'oke', '', 'OK', 0, 0, 0, '2016-01-09 14:38:45'),
(41, 356, 342, 0, 10, 0, '', 'asdasd', '', 0, 0, 0, '2016-01-09 14:41:47'),
(42, 355, 351, 10, 0, 10, 'Tirta Provider Solution Bagus Sekali', '', 'Tirta Provider Solution KEREN Sekali', 0, 0, 0, '2016-01-09 15:31:19'),
(43, 357, 342, 0, 10, 0, '', 'MAKAN TAI KUCING HENDRY', '', 0, 0, 0, '2016-01-09 15:37:13'),
(44, 358, 342, 10, 0, 10, 'asdasd', '', 'asdasd', 1, 0, 0, '2016-01-09 15:56:58'),
(45, 359, 342, 10, 0, 10, 'BAGUS', '', 'KEREN', 0, 0, 0, '2016-01-09 15:58:34'),
(46, 360, 342, 10, 0, 10, 'hendry garong', '', 'garong', 0, 0, 0, '2016-01-09 16:05:06'),
(47, 320, 342, 10, 0, 10, 'sdasdasd', '', 'asdasdads', 0, 0, 0, '2016-01-09 16:18:24'),
(48, 342, 353, 10, 0, 10, 'bagus!', '', 'keren!', 1, 0, 0, '2016-01-09 16:33:32'),
(49, 361, 342, 10, 10, 10, 'KUARENNN BNGED', 'HUOREEEEEEE', 'MUANTEP BANGED', 0, 0, 0, '2016-01-09 17:33:33'),
(50, 355, 354, 0, 8, 0, '', 'Ok kok', '', 0, 0, 0, '2016-01-09 18:41:18'),
(53, 368, 369, 0, 7, 0, '', '', '', 0, 0, 0, '2016-01-11 06:53:45'),
(54, 355, 375, 9, 0, 10, 'OK', '', 'OK', 0, 0, 0, '2016-01-11 08:50:44'),
(55, 306, 375, 9, 0, 8, 'okE', '', 'BAGS', 0, 0, 0, '2016-01-13 03:35:12'),
(56, 390, 265, 10, 0, 10, 'adsdasdasdasdas', '', 'dasdasdasdas', 0, 0, 0, '2016-01-27 12:26:56');

-- --------------------------------------------------------

--
-- Table structure for table `tr_speaking_experience`
--

CREATE TABLE IF NOT EXISTS `tr_speaking_experience` (
  `tr_speaking_experience_id` int(11) NOT NULL AUTO_INCREMENT,
  `user_id` int(11) NOT NULL,
  `group_id` int(11) NOT NULL,
  `speaking_experience_title` varchar(100) NOT NULL,
  `speaking_experience_description` text NOT NULL,
  `video_link` varchar(100) NOT NULL,
  `speaking_experience_date` date NOT NULL,
  `retention_status` int(11) NOT NULL,
  PRIMARY KEY (`tr_speaking_experience_id`)
) ENGINE=InnoDB  DEFAULT CHARSET=latin1 AUTO_INCREMENT=92 ;

--
-- Dumping data for table `tr_speaking_experience`
--

INSERT INTO `tr_speaking_experience` (`tr_speaking_experience_id`, `user_id`, `group_id`, `speaking_experience_title`, `speaking_experience_description`, `video_link`, `speaking_experience_date`, `retention_status`) VALUES
(4, 179, 50, 'Seminar HSE', 'Seminar HSE', '', '2015-09-02', 0),
(12, 265, 53, 'Teaching Web Programming', 'I have successfully completed all of Web Programming course as Trainer and experienced more than 200 hours in teaching Students of Bina Nusantara in various fields of majors.', '', '2013-06-03', 0),
(13, 276, 129, 'Sales Training for Resellers ', 'ACER INDONESIA – Sales Training for Resellers (2002)', '', '2002-01-01', 0),
(14, 276, 130, 'Sales Training ', 'Alfa Goldland Realty – Sales Training ', '', '2002-01-01', 0),
(16, 276, 132, 'Fundamental of Teleservice Excellence', 'ANTA TOUR Call Center – Fundamental of Teleservice Excellence (2006)', '', '2006-01-01', 0),
(17, 276, 133, 'Teleselling Skill for Up ', 'ANJ FINANCE ( MPM ) – Teleselling Skill for Up ', '', '2009-01-01', 0),
(18, 276, 134, 'Fundamental of Sales Excellence', 'Asuransi Tokio Marine Indonesia – Fundamental of Sales Excellence (2003)', '', '2003-12-01', 0),
(19, 276, 135, 'Fundamental of Sales Excellence', 'Asuransi Dayin Mitra Tbk – Fundamental of Sales Excellence (2005)', '', '2005-12-01', 0),
(20, 276, 136, 'Sales Intelligent', 'BAKRIE TELECOM Tbk – Sales Intelligent ( 2008 )', '', '2008-12-01', 0),
(21, 276, 137, 'Presentation Skill ', 'Presentation Skill ', '', '2008-12-01', 0),
(22, 276, 138, 'Selling with Persistence', 'BANK GANESHA – Selling with Persistence – 3 batches ( 2009 )', '', '2009-12-01', 0),
(23, 276, 139, 'Winning with Persuasion', 'BANK BUMI ARTA Tbk – Winning with Persuasion 1 batch ( 2011 )', '', '2011-12-01', 0),
(24, 276, 140, 'Selling and Canvassing Skills ', 'Selling and Canvassing Skills – 2 batches', '', '2011-12-01', 0),
(25, 276, 141, 'Smart Calling for New Business Development', 'Smart Calling for New Business Development', '', '2012-12-01', 0),
(26, 276, 142, 'Pro-Active Selling Skills for Bankers', 'Pro-Active Selling Skills for Bankers - ( 2014 )', '', '2014-12-01', 0),
(27, 276, 143, 'Service to Sales for In-Bound Call Center Agent ', 'Service to Sales for In-Bound Call Center Agent (2015)', '', '2015-12-01', 0),
(28, 276, 143, 'Objection Handling for Telesales Agent ', 'Objection Handling for Telesales Agent ', '', '2015-12-01', 0),
(29, 276, 144, 'Unlimited Prospecting for Bankers ', 'Unlimited Prospecting for Bankers ', '', '2015-12-01', 0),
(30, 276, 145, 'Unlimited Prospecting for Bankers', 'Unlimited Prospecting for Bankers', '', '2013-12-01', 0),
(31, 276, 146, 'Consultative Selling Skills for Priority Banking ', 'Consultative Selling Skills for Priority Banking – 2 Batches', '', '2015-12-01', 0),
(32, 276, 147, 'Selling Skills for Banking Contact Center ', 'Selling Skills for Banking Contact Center ( 2014 )', '', '2014-12-01', 0),
(33, 276, 147, 'Selling Skills for Banking Contact Center ', 'Selling Skills for Banking Contact Center ( 2014 )', '', '2014-12-01', 0),
(34, 276, 148, 'Selling by Phone', 'Selling by Phone – 20 batches (2011 - 2014)', '', '2014-12-01', 0),
(35, 276, 149, 'Selling by Phone for RM Syariah', 'Selling by Phone for RM Syariah ', '', '2012-12-01', 0),
(36, 276, 41, 'MEGA Call Center – Teleservice Excellence', 'MEGA Call Center – Teleservice Excellence 2 batches ( 2006)', '', '2006-12-01', 0),
(37, 276, 150, 'Persuasion ', 'Persuasion ', '', '2015-12-01', 0),
(38, 276, 151, 'Niaga Excellence Service Development Plus', 'Niaga Excellence Service Development Plus – 3 batches ( 2008 )', '', '2015-12-01', 0),
(39, 276, 152, 'Pro-Active Selling Skills for Bankers for MDP ', 'Pro-Active Selling Skills for Bankers for MDP (2014)', '', '2014-12-01', 0),
(40, 276, 153, 'Basic Selling Skills for MDP', 'Basic Selling Skills for MDP', '', '2014-12-01', 0),
(41, 276, 154, 'Advanced Power Point for Presentation Skill ', 'Advanced Power Point for Presentation Skill – 1 batch (2007)', '', '2007-12-01', 0),
(42, 276, 155, 'Selling with Confidence', 'Selling with Confidence  – 4 batches ( 2012 )', '', '2012-12-01', 0),
(43, 276, 156, 'Persuasive Selling Skill', 'Persuasive Selling Skill – 2 Batches (2010)', '', '2010-12-01', 0),
(44, 276, 157, 'Unlimited Prospecting for Bankers ', 'Unlimited Prospecting for Bankers  – 1 batch (2015)', '', '2010-12-01', 0),
(45, 276, 158, 'Teleselling Techniques', 'Teleselling Techniques 1 batch ( 2007 )', '', '2007-12-01', 0),
(46, 276, 159, 'Selling Skill for Property Sales', 'Selling Skill for Property Sales (2005)', '', '2005-12-01', 0),
(47, 276, 160, 'Basic Selling for Distribution Sales ', 'Basic Selling for Distribution Sales (2005)', '', '2005-12-01', 0),
(48, 276, 161, 'Train for Trainer Telemarketing ', ' Train for Trainer Telemarketing ( 2011)', '', '2011-12-01', 0),
(49, 276, 162, 'Selling Through Interaction', 'GE MONEY INDONESIA – Selling Through Interaction 6 batches (2007)', '', '2007-12-01', 0),
(51, 276, 164, 'Teleselling Skill for Penetrating New Accounts ', 'Teleselling Skill for Penetrating New Accounts – 1 batch ( 2008 )', '', '2008-12-01', 0),
(52, 276, 165, 'Salesmanship for Service Van', ' INDOLOK BAKTI UTAMA – Salesmanship for Service Van (2008)', '', '2008-12-01', 0),
(53, 276, 166, 'Teleselling Techniques', 'IBS (Insurance Broking Services) – Teleselling Techniques ( 2006 )', '', '2006-12-01', 0),
(54, 276, 167, 'Teleservice Excellence', 'JASNITA TELKOMINDO Call Center – Teleservice Excellence 4 batches (2005)', '', '2005-12-01', 0),
(55, 276, 168, 'Fundamental of Sales Excellence ', 'John Crane Indonesia – Fundamental of Sales Excellence ', '', '2003-12-01', 0),
(56, 276, 169, 'Pro-Active Selling Skills for MDP', 'KEB HANA BANK – Pro-Active Selling Skills for MDP ( 2014 )', '', '2014-12-01', 0),
(57, 276, 170, 'Selling Skill for MDP ', ' KRESNA GRAHA SEKURINDO Tbk – Selling Skill for MDP (2012)', '', '2012-12-01', 0),
(58, 276, 171, 'Fundamental of Sales Excellence', 'Logikreasi Informatika – Fundamental of Sales Excellence (2003)', '', '2013-12-01', 0),
(59, 276, 172, 'Unlimited Prospecting', 'MASTERSYSTEM INFOTAMA – Unlimited Prospecting 1 batch ( 2011 )', '', '2011-12-01', 0),
(60, 276, 173, 'Unlimited Prospecting', 'MULTISOFT JAVA TECHNOLOGIES – Unlimited Prospecting 1 batch (2011)', '', '2011-12-01', 0),
(61, 276, 174, 'Fundamental of Sales Excellence ', 'Menara Alfa Semesta – Fundamental of Sales Excellence (2003)', '', '2003-12-01', 0),
(62, 276, 175, 'Pro-Active Selling Skills for Credit Analysts', 'Pro-Active Selling Skills for Credit Analysts – 2 batches ( 2014 )', '', '2014-12-01', 0),
(63, 276, 176, 'Session “How Does a Consultant Sell ?”', 'PQM – Session “How Does a Consultant Sell ?” ( 2008 )', '', '2008-12-01', 0),
(64, 276, 177, 'Selling with Confidence', 'Selling with Confidence - 4 batches (2012)', '', '2012-12-01', 0),
(65, 276, 178, 'Just Do It Selling', 'Topjaya Sarana Utama (TOSHIBA) – Just Do It Selling ( 2003 )', '', '2003-12-01', 0),
(66, 276, 179, 'AIDDA ', ' SENSIENT Technologies Indonesia – AIDDA ', '', '2016-01-11', 0),
(67, 276, 180, 'Maximizing Sales through Account Management ', 'SWADHARMA DUTA DATA – Maximizing Sales through Account Management (2012)', '', '2012-12-01', 0),
(68, 276, 181, 'Citra ', 'VAYATOUR ', '', '2006-12-01', 0),
(69, 276, 182, 'Basic Selling Skill ', 'WATY TJAKRA ', '', '2006-12-01', 0),
(70, 276, 126, 'Selling Skill for Consultant ', 'WATSON WYATT PURBAJAGA – Selling Skill for Consultant ( 2009 )', '', '2009-12-01', 0),
(71, 276, 183, 'Teleservice Excellence for CS ', 'Teleservice Excellence for CS ', '', '2010-12-01', 0),
(72, 276, 160, 'Basic Selling for Distribution Sales', 'Basic Selling for Distribution Sales', '', '2015-12-01', 0),
(75, 364, 245, 'Lihat Pada Provider', 'Training Provider', '', '2016-01-11', 0),
(86, 265, 103, 'Testing', ' ', '', '1970-01-01', 0),
(87, 276, 103, 'Presentation Skill at Four Seasons Hotel ', ' ', '', '2004-06-01', 0),
(88, 276, 103, 'Presentation Skill at Mandarin Oriental Hotel ', ' ', '', '2015-08-01', 0),
(89, 372, 103, 'asdasda', ' ', '', '1970-01-01', 0),
(91, 372, 103, 'dasdada', ' ', '', '1970-01-01', 0);

-- --------------------------------------------------------

--
-- Table structure for table `tr_speaking_experience_expertise`
--

CREATE TABLE IF NOT EXISTS `tr_speaking_experience_expertise` (
  `tr_speaking_experience_expertise_id` int(11) NOT NULL AUTO_INCREMENT,
  `tr_speaking_experience_id` int(11) NOT NULL,
  `expertise_id` int(11) NOT NULL,
  PRIMARY KEY (`tr_speaking_experience_expertise_id`)
) ENGINE=MyISAM  DEFAULT CHARSET=utf8 AUTO_INCREMENT=1924 ;

--
-- Dumping data for table `tr_speaking_experience_expertise`
--

INSERT INTO `tr_speaking_experience_expertise` (`tr_speaking_experience_expertise_id`, `tr_speaking_experience_id`, `expertise_id`) VALUES
(1, 4, 21),
(2, 4, 22),
(1536, 73, 208),
(1535, 77, 52),
(1541, 82, 233),
(27, 12, 92),
(26, 12, 90),
(24, 12, 52),
(23, 12, 100),
(22, 12, 63),
(21, 12, 62),
(1532, 75, 182),
(1538, 77, 220),
(25, 12, 91),
(1530, 73, 182),
(28, 12, 89),
(29, 13, 71),
(30, 13, 115),
(44, 17, 122),
(38, 16, 120),
(37, 14, 37),
(36, 14, 71),
(35, 15, 116),
(43, 17, 121),
(42, 17, 120),
(45, 18, 123),
(46, 19, 123),
(47, 19, 123),
(48, 20, 123),
(49, 20, 123),
(50, 20, 124),
(59, 22, 125),
(63, 24, 125),
(62, 23, 103),
(64, 24, 128),
(65, 25, 125),
(66, 25, 128),
(67, 25, 129),
(1857, 66, 142),
(1796, 26, 130),
(1795, 26, 129),
(1794, 26, 128),
(79, 28, 125),
(80, 28, 128),
(81, 28, 129),
(82, 28, 130),
(83, 28, 71),
(84, 28, 131),
(85, 28, 132),
(86, 28, 133),
(96, 30, 125),
(97, 30, 128),
(98, 30, 129),
(99, 30, 130),
(100, 30, 71),
(101, 30, 131),
(102, 30, 132),
(103, 30, 133),
(104, 30, 134),
(105, 30, 134),
(131, 33, 125),
(132, 33, 128),
(133, 33, 129),
(134, 33, 130),
(135, 33, 71),
(136, 33, 131),
(137, 33, 132),
(138, 33, 133),
(139, 33, 134),
(140, 33, 134),
(141, 33, 125),
(142, 33, 135),
(143, 33, 125),
(144, 33, 125),
(350, 44, 125),
(351, 44, 128),
(352, 44, 129),
(353, 44, 130),
(354, 44, 71),
(355, 44, 131),
(356, 44, 132),
(357, 44, 133),
(358, 44, 134),
(359, 44, 134),
(360, 44, 125),
(361, 44, 135),
(362, 44, 125),
(363, 44, 125),
(364, 44, 125),
(365, 44, 125),
(366, 44, 120),
(367, 44, 103),
(368, 44, 50),
(369, 44, 136),
(370, 44, 125),
(371, 44, 125),
(372, 44, 37),
(373, 44, 34),
(374, 44, 125),
(375, 44, 137),
(376, 44, 134),
(1904, 32, 67),
(1903, 32, 125),
(1902, 46, 125),
(1901, 57, 125),
(1900, 70, 14),
(1899, 70, 125),
(1897, 35, 270),
(1896, 35, 125),
(1895, 34, 270),
(1894, 34, 125),
(1893, 52, 221),
(1892, 52, 71),
(1891, 52, 269),
(1890, 39, 125),
(1889, 21, 37),
(1888, 43, 137),
(1887, 43, 125),
(1886, 37, 103),
(1885, 38, 136),
(1884, 38, 268),
(1861, 31, 125),
(1860, 40, 125),
(1859, 69, 125),
(1858, 66, 4),
(1856, 41, 37),
(1854, 86, 253),
(1853, 86, 73),
(1814, 85, 252),
(1813, 84, 251),
(1812, 47, 250),
(1811, 47, 125),
(533, 50, 125),
(534, 50, 128),
(535, 50, 129),
(536, 50, 130),
(537, 50, 71),
(538, 50, 131),
(539, 50, 132),
(540, 50, 133),
(541, 50, 134),
(542, 50, 134),
(543, 50, 125),
(544, 50, 135),
(545, 50, 125),
(546, 50, 125),
(547, 50, 125),
(548, 50, 125),
(549, 50, 120),
(550, 50, 103),
(551, 50, 50),
(552, 50, 136),
(553, 50, 125),
(554, 50, 125),
(555, 50, 37),
(556, 50, 34),
(557, 50, 125),
(558, 50, 137),
(559, 50, 134),
(560, 50, 121),
(561, 50, 125),
(562, 50, 138),
(563, 50, 125),
(564, 50, 139),
(565, 50, 140),
(566, 50, 125),
(567, 50, 125),
(568, 50, 141),
(644, 53, 125),
(645, 53, 128),
(646, 53, 129),
(647, 53, 130),
(648, 53, 71),
(649, 53, 131),
(650, 53, 132),
(651, 53, 133),
(652, 53, 134),
(653, 53, 134),
(654, 53, 125),
(655, 53, 135),
(656, 53, 125),
(657, 53, 125),
(658, 53, 125),
(659, 53, 125),
(660, 53, 120),
(661, 53, 103),
(662, 53, 50),
(663, 53, 136),
(664, 53, 125),
(665, 53, 125),
(666, 53, 37),
(667, 53, 34),
(668, 53, 125),
(669, 53, 137),
(670, 53, 134),
(671, 53, 121),
(672, 53, 125),
(673, 53, 138),
(674, 53, 125),
(675, 53, 139),
(676, 53, 140),
(677, 53, 125),
(678, 53, 125),
(679, 53, 141),
(680, 53, 121),
(681, 53, 71),
(682, 53, 121),
(1841, 78, 92),
(723, 55, 125),
(724, 55, 128),
(725, 55, 129),
(726, 55, 130),
(727, 55, 71),
(728, 55, 131),
(729, 55, 132),
(730, 55, 133),
(731, 55, 134),
(732, 55, 134),
(733, 55, 125),
(734, 55, 135),
(735, 55, 125),
(736, 55, 125),
(737, 55, 125),
(738, 55, 125),
(739, 55, 120),
(740, 55, 103),
(741, 55, 50),
(742, 55, 136),
(743, 55, 125),
(744, 55, 125),
(745, 55, 37),
(746, 55, 34),
(747, 55, 125),
(748, 55, 137),
(749, 55, 134),
(750, 55, 121),
(751, 55, 125),
(752, 55, 138),
(753, 55, 125),
(754, 55, 139),
(755, 55, 140),
(756, 55, 125),
(757, 55, 125),
(758, 55, 141),
(759, 55, 121),
(760, 55, 71),
(761, 55, 121),
(762, 55, 120),
(763, 55, 71),
(764, 55, 37),
(852, 58, 125),
(853, 58, 128),
(854, 58, 129),
(855, 58, 130),
(856, 58, 71),
(857, 58, 131),
(858, 58, 132),
(859, 58, 133),
(860, 58, 134),
(861, 58, 134),
(862, 58, 125),
(863, 58, 135),
(864, 58, 125),
(865, 58, 125),
(866, 58, 125),
(867, 58, 125),
(868, 58, 120),
(869, 58, 103),
(870, 58, 50),
(871, 58, 136),
(872, 58, 125),
(873, 58, 125),
(874, 58, 37),
(875, 58, 34),
(876, 58, 125),
(877, 58, 137),
(878, 58, 134),
(879, 58, 121),
(880, 58, 125),
(881, 58, 138),
(882, 58, 125),
(883, 58, 139),
(884, 58, 140),
(885, 58, 125),
(886, 58, 125),
(887, 58, 141),
(888, 58, 121),
(889, 58, 71),
(890, 58, 121),
(891, 58, 120),
(892, 58, 71),
(893, 58, 37),
(894, 58, 125),
(895, 58, 125),
(896, 58, 71),
(943, 60, 125),
(944, 60, 128),
(945, 60, 129),
(946, 60, 130),
(947, 60, 71),
(948, 60, 131),
(949, 60, 132),
(950, 60, 133),
(951, 60, 134),
(952, 60, 134),
(953, 60, 125),
(954, 60, 135),
(955, 60, 125),
(956, 60, 125),
(957, 60, 125),
(958, 60, 125),
(959, 60, 120),
(960, 60, 103),
(961, 60, 50),
(962, 60, 136),
(963, 60, 125),
(964, 60, 125),
(965, 60, 37),
(966, 60, 34),
(967, 60, 125),
(968, 60, 137),
(969, 60, 134),
(970, 60, 121),
(971, 60, 125),
(972, 60, 138),
(973, 60, 125),
(974, 60, 139),
(975, 60, 140),
(976, 60, 125),
(977, 60, 125),
(978, 60, 141),
(979, 60, 121),
(980, 60, 71),
(981, 60, 121),
(982, 60, 120),
(983, 60, 71),
(984, 60, 37),
(985, 60, 125),
(986, 60, 125),
(987, 60, 71),
(988, 60, 134),
(989, 60, 134),
(990, 61, 125),
(991, 61, 128),
(992, 61, 129),
(993, 61, 130),
(994, 61, 71),
(995, 61, 131),
(996, 61, 132),
(997, 61, 133),
(998, 61, 134),
(999, 61, 134),
(1000, 61, 125),
(1001, 61, 135),
(1002, 61, 125),
(1003, 61, 125),
(1004, 61, 125),
(1005, 61, 125),
(1006, 61, 120),
(1007, 61, 103),
(1008, 61, 50),
(1009, 61, 136),
(1010, 61, 125),
(1011, 61, 125),
(1012, 61, 37),
(1013, 61, 34),
(1014, 61, 125),
(1015, 61, 137),
(1016, 61, 134),
(1017, 61, 121),
(1018, 61, 125),
(1019, 61, 138),
(1020, 61, 125),
(1021, 61, 139),
(1022, 61, 140),
(1023, 61, 125),
(1024, 61, 125),
(1025, 61, 141),
(1026, 61, 121),
(1027, 61, 71),
(1028, 61, 121),
(1029, 61, 120),
(1030, 61, 71),
(1031, 61, 37),
(1032, 61, 125),
(1033, 61, 125),
(1034, 61, 71),
(1035, 61, 134),
(1036, 61, 134),
(1037, 61, 71),
(1138, 64, 125),
(1139, 64, 128),
(1140, 64, 129),
(1141, 64, 130),
(1142, 64, 71),
(1143, 64, 131),
(1144, 64, 132),
(1145, 64, 133),
(1146, 64, 134),
(1147, 64, 134),
(1148, 64, 125),
(1149, 64, 135),
(1150, 64, 125),
(1151, 64, 125),
(1152, 64, 125),
(1153, 64, 125),
(1154, 64, 120),
(1155, 64, 103),
(1156, 64, 50),
(1157, 64, 136),
(1158, 64, 125),
(1159, 64, 125),
(1160, 64, 37),
(1161, 64, 34),
(1162, 64, 125),
(1163, 64, 137),
(1164, 64, 134),
(1165, 64, 121),
(1166, 64, 125),
(1167, 64, 138),
(1168, 64, 125),
(1169, 64, 139),
(1170, 64, 140),
(1171, 64, 125),
(1172, 64, 125),
(1173, 64, 141),
(1174, 64, 121),
(1175, 64, 71),
(1176, 64, 121),
(1177, 64, 120),
(1178, 64, 71),
(1179, 64, 37),
(1180, 64, 125),
(1181, 64, 125),
(1182, 64, 71),
(1183, 64, 134),
(1184, 64, 134),
(1185, 64, 71),
(1186, 64, 125),
(1187, 64, 125),
(1188, 64, 14),
(1189, 64, 125),
(1883, 36, 120),
(1882, 36, 132),
(1881, 67, 125),
(1880, 67, 267),
(1879, 65, 125),
(1878, 68, 132),
(1877, 68, 265),
(1876, 68, 266),
(1875, 68, 12),
(1840, 78, 52),
(1855, 41, 253),
(1917, 88, 37),
(1916, 88, 37),
(1915, 87, 37),
(1914, 42, 125),
(1913, 29, 134),
(1912, 59, 134),
(1911, 51, 272),
(1910, 51, 121),
(1909, 63, 14),
(1908, 63, 125),
(1907, 27, 132),
(1906, 27, 271),
(1905, 49, 125),
(1528, 71, 120),
(1529, 72, 125),
(1539, 79, 116),
(1540, 80, 223);

-- --------------------------------------------------------

--
-- Table structure for table `tr_training_programme`
--

CREATE TABLE IF NOT EXISTS `tr_training_programme` (
  `tr_training_programme_id` int(11) NOT NULL AUTO_INCREMENT,
  `user_id` int(11) NOT NULL,
  `training_programme_title` varchar(100) NOT NULL,
  PRIMARY KEY (`tr_training_programme_id`)
) ENGINE=InnoDB  DEFAULT CHARSET=latin1 AUTO_INCREMENT=108 ;

--
-- Dumping data for table `tr_training_programme`
--

INSERT INTO `tr_training_programme` (`tr_training_programme_id`, `user_id`, `training_programme_title`) VALUES
(4, 108, 'International NLP Practitioner Course'),
(5, 108, 'International NLP Master Practitioner Course'),
(6, 108, 'International Neuro Linguistic Coach Course'),
(7, 108, 'National Certification of Hypnotherapy'),
(8, 108, 'Excellent Communication with NLP'),
(9, 108, 'Achievement Motivation To Be A Winner'),
(10, 108, 'Problem Solving Decision Making'),
(11, 108, '5S for Highly Productive Line'),
(12, 108, 'Productivity Line Development'),
(13, 108, 'Quality Control Circle'),
(14, 108, 'Massive Action Leadership with NLP'),
(15, 108, 'HR Strategic Planning'),
(16, 108, 'HR for Non HR'),
(17, 108, 'Supervisory Management'),
(20, 234, 'Leading An Engaged  Workforce'),
(21, 234, 'High Impact Presentations'),
(22, 234, 'Fundamental Leadership Program '),
(23, 251, 'BE SALESBRITY TRAINING'),
(24, 251, ' CREATIVITY IN SALESBRITY'),
(25, 251, ' CREATE SERVICE ALA SALESBRITY '),
(26, 251, ' SALESBRITY FOR NON SALES PEOPLE'),
(27, 251, ' SALESBRITY BEHIND THE PHONE'),
(28, 251, ' SALEBSBRITY SHOW TIME. THE ART OF SALESBRITY PRESENTATION'),
(29, 251, ' SALESBRITY MANAGE THE TIME'),
(31, 265, 'Introduction Web Scripting : HTML and CSS'),
(32, 265, 'Introduction Web Programming : PHP'),
(33, 265, 'JQuery AJAX Introduction'),
(34, 265, 'Introduction CodeIgniter Web Framework'),
(38, 324, 'Pengisian SPT Tahunan PPh WP Badan 2015'),
(39, 324, 'Finance for Non Finance'),
(40, 324, 'Tax Planning '),
(41, 302, 'Effective Leadership For Effective Team'),
(42, 302, 'Communication Personal and Team'),
(43, 302, 'Supervisor Skill'),
(44, 302, 'Managerial Leadership'),
(45, 302, 'Self Improvement Management'),
(46, 302, 'Work Life Balance'),
(47, 342, 'PHP Training'),
(48, 370, 'PROSDEM 471 (Problem Solving 471) '),
(49, 370, 'Creative Thinking'),
(50, 370, 'Achievement Motivation Training'),
(51, 370, 'Good Service Behaviour '),
(52, 370, 'Security Team Development Program'),
(53, 370, 'Effective Service Person'),
(54, 370, 'Mentalitas Dasar Profesional Sukses  (Mendas Proses) / Motivation Program'),
(55, 370, 'Exit Strategy  dengan “MONCER”  (move on secara cepat, efektif, dan terencana)'),
(56, 370, 'Self Productivity Improvement Management'),
(57, 370, 'Service By Heart'),
(58, 370, 'Presentation that WIN ! (Basic)'),
(59, 370, 'Stress Management '),
(60, 370, 'High Impact Business Presentation'),
(61, 370, 'Essential Communication for Effective Interaction  '),
(62, 370, 'Practical Negotiation'),
(63, 370, 'Pengelolaan Program Kemitraan '),
(64, 370, 'Continous Improvement Program (filler series)'),
(65, 370, 'Effective Communication for Personal Assisstant'),
(66, 370, 'Leading Change'),
(67, 370, 'Influencing Other '),
(68, 370, 'Dealing to The Top'),
(69, 370, 'Managing Effective Meeting'),
(70, 370, 'Helping People Adapting to  Change'),
(71, 370, 'Creating Creative  Culture Internalization Activity'),
(72, 370, 'Resilience'),
(73, 370, 'Assertive Communication'),
(74, 370, 'Service Excellence for Personal Assisstant'),
(75, 370, 'Train The Trainer'),
(76, 370, 'Time Management '),
(77, 370, 'Selling Skill '),
(78, 370, 'Building Strong And  High Performance Sales Force '),
(79, 370, 'Risk Management '),
(80, 370, 'Consultative Selling Skill '),
(81, 370, 'Key Account Management Skill'),
(82, 370, 'Handling Complaint Skill'),
(83, 370, 'Coaching for Maximizing Performance (CMAP) '),
(84, 370, 'Supervisor 35'),
(85, 370, 'Transformational Leadership '),
(86, 370, 'Mentoring by Heart'),
(87, 370, 'Basic Leadership Skill'),
(88, 370, 'Cross Cultural Understanding'),
(89, 370, 'Change Agent Management Team (Workshop)'),
(90, 370, 'Monitoring Change Agent Management Team '),
(91, 370, 'Internalization Culture Validation '),
(92, 370, 'Instrument Development for Culture Validation '),
(93, 370, 'Analisis Data Program Budaya'),
(94, 370, 'In-Depth Interview for Culture Assessment'),
(95, 370, 'Culture Assessment '),
(96, 370, 'FGD Facilitation For Thorough Improvement And Action  Plan'),
(97, 370, 'Career Transition Assistantship Program'),
(98, 370, 'Psikologi Masa Purna Bhakti'),
(99, 370, 'Pengelolaan Keuangan Pribadi: 7 Prinsip '),
(100, 370, 'Talent Management'),
(101, 370, 'Conflict Management'),
(102, 370, 'Organizational Development'),
(105, 372, 'People Management (HR Management)'),
(106, 372, 'Trainers Builder Workshop'),
(107, 372, 'Superior Coaching ');

-- --------------------------------------------------------

--
-- Table structure for table `tr_user_expertise`
--

CREATE TABLE IF NOT EXISTS `tr_user_expertise` (
  `tr_user_expertise_id` int(11) NOT NULL AUTO_INCREMENT,
  `user_id` int(11) NOT NULL,
  `expertise_id` int(11) NOT NULL,
  `is_deleted` int(11) NOT NULL,
  PRIMARY KEY (`tr_user_expertise_id`)
) ENGINE=InnoDB  DEFAULT CHARSET=latin1 AUTO_INCREMENT=210 ;

--
-- Dumping data for table `tr_user_expertise`
--

INSERT INTO `tr_user_expertise` (`tr_user_expertise_id`, `user_id`, `expertise_id`, `is_deleted`) VALUES
(1, 62, 1, 0),
(2, 68, 2, 0),
(3, 68, 3, 0),
(4, 73, 4, 0),
(5, 73, 5, 0),
(9, 88, 2, 0),
(14, 108, 10, 0),
(15, 108, 11, 0),
(16, 108, 2, 0),
(17, 108, 12, 0),
(18, 108, 13, 0),
(19, 108, 14, 0),
(20, 108, 15, 0),
(21, 108, 16, 0),
(22, 108, 17, 0),
(27, 157, 20, 0),
(28, 179, 21, 0),
(29, 179, 24, 0),
(46, 199, 65, 0),
(47, 199, 66, 0),
(48, 225, 67, 0),
(49, 228, 68, 0),
(50, 228, 69, 0),
(51, 228, 70, 0),
(52, 229, 71, 0),
(53, 229, 72, 0),
(54, 229, 17, 0),
(55, 231, 2, 0),
(56, 231, 37, 0),
(57, 231, 13, 0),
(58, 235, 73, 0),
(59, 235, 74, 0),
(60, 240, 75, 0),
(61, 240, 76, 0),
(62, 240, 77, 0),
(63, 248, 78, 0),
(64, 248, 79, 0),
(65, 248, 80, 0),
(66, 248, 81, 0),
(67, 248, 82, 0),
(68, 248, 83, 0),
(69, 249, 84, 0),
(70, 251, 85, 0),
(73, 254, 86, 0),
(74, 254, 2, 0),
(75, 254, 16, 0),
(78, 265, 88, 0),
(79, 265, 62, 0),
(80, 265, 63, 0),
(81, 265, 52, 0),
(82, 265, 89, 0),
(83, 265, 90, 0),
(84, 265, 91, 0),
(85, 265, 54, 0),
(86, 265, 92, 0),
(87, 265, 93, 0),
(94, 279, 144, 0),
(95, 279, 145, 0),
(96, 279, 146, 0),
(97, 279, 147, 0),
(98, 279, 2, 0),
(99, 279, 148, 0),
(100, 279, 149, 0),
(101, 279, 152, 0),
(102, 279, 153, 0),
(106, 294, 155, 0),
(107, 294, 156, 0),
(108, 294, 157, 0),
(109, 294, 158, 0),
(110, 294, 159, 0),
(111, 294, 160, 0),
(112, 294, 161, 0),
(113, 294, 2, 0),
(114, 294, 162, 0),
(115, 294, 163, 0),
(116, 294, 164, 0),
(117, 294, 15, 0),
(118, 294, 72, 0),
(119, 294, 165, 0),
(120, 294, 166, 0),
(121, 294, 167, 0),
(122, 294, 168, 0),
(123, 294, 169, 0),
(124, 294, 170, 0),
(125, 294, 171, 0),
(129, 307, 89, 0),
(130, 307, 183, 0),
(131, 307, 88, 0),
(134, 295, 185, 0),
(135, 295, 44, 0),
(136, 329, 189, 0),
(137, 329, 190, 0),
(138, 329, 191, 0),
(139, 334, 3, 0),
(140, 334, 2, 0),
(141, 330, 192, 0),
(142, 330, 193, 0),
(143, 330, 194, 0),
(144, 330, 195, 0),
(145, 340, 196, 0),
(146, 340, 161, 0),
(147, 302, 197, 0),
(148, 302, 17, 0),
(149, 302, 198, 0),
(150, 302, 199, 0),
(151, 302, 200, 0),
(152, 302, 201, 0),
(153, 302, 202, 0),
(154, 341, 113, 0),
(155, 340, 203, 0),
(156, 334, 113, 0),
(157, 334, 204, 0),
(158, 334, 26, 0),
(159, 349, 71, 0),
(160, 349, 4, 0),
(164, 354, 113, 0),
(165, 354, 206, 0),
(166, 354, 205, 0),
(167, 342, 8, 0),
(168, 342, 207, 0),
(169, 342, 6, 0),
(170, 342, 113, 0),
(171, 342, 46, 0),
(172, 354, 48, 0),
(176, 369, 221, 0),
(177, 369, 17, 0),
(178, 369, 222, 0),
(179, 372, 224, 0),
(180, 372, 197, 0),
(181, 372, 225, 0),
(182, 372, 86, 0),
(183, 372, 226, 0),
(184, 372, 227, 0),
(185, 372, 4, 0),
(186, 372, 228, 0),
(187, 372, 229, 0),
(188, 372, 230, 0),
(189, 370, 231, 0),
(190, 370, 86, 0),
(191, 370, 232, 0),
(192, 370, 173, 0),
(193, 377, 273, 0),
(194, 377, 274, 0),
(195, 377, 275, 0),
(196, 377, 276, 0),
(197, 377, 263, 0),
(198, 377, 277, 0),
(199, 377, 229, 0),
(200, 377, 165, 0),
(201, 377, 278, 0),
(202, 377, 279, 0),
(203, 377, 280, 0),
(204, 377, 281, 0),
(205, 377, 282, 0),
(206, 377, 283, 0),
(207, 377, 2, 0),
(208, 377, 284, 0);

-- --------------------------------------------------------

--
-- Table structure for table `tr_work_experience`
--

CREATE TABLE IF NOT EXISTS `tr_work_experience` (
  `tr_work_experience_id` int(11) NOT NULL AUTO_INCREMENT,
  `user_id` int(11) NOT NULL,
  `group_id` int(11) NOT NULL,
  `work_experience_title` varchar(100) NOT NULL,
  `work_experience_position` varchar(100) NOT NULL,
  `work_experience_description` text NOT NULL,
  `work_experience_start_date` date NOT NULL,
  `work_experience_end_date` date NOT NULL,
  PRIMARY KEY (`tr_work_experience_id`)
) ENGINE=InnoDB  DEFAULT CHARSET=latin1 AUTO_INCREMENT=47 ;

--
-- Dumping data for table `tr_work_experience`
--

INSERT INTO `tr_work_experience` (`tr_work_experience_id`, `user_id`, `group_id`, `work_experience_title`, `work_experience_position`, `work_experience_description`, `work_experience_start_date`, `work_experience_end_date`) VALUES
(4, 108, 0, 'Akebono Production System Team at PT Tri Dharma Wisesa (Gemala Kempa Daya Group)', '', '', '0000-00-00', '0000-00-00'),
(5, 108, 0, 'HR Manager at TPS Food Tbk', '', '', '0000-00-00', '0000-00-00'),
(6, 108, 0, 'Asst Mgr Engineering & Sec FM at PT Pelangi Indah Canindo Tbk', '', '', '0000-00-00', '0000-00-00'),
(7, 108, 0, 'HR Manager at BIC Group', '', '', '0000-00-00', '0000-00-00'),
(8, 108, 0, 'Advisor HR at HR Management Group', '', '', '0000-00-00', '0000-00-00'),
(9, 108, 0, 'Owner & Founder Cuat Consulting - NLP Smart Indonesia', '', '', '0000-00-00', '0000-00-00'),
(10, 165, 0, 'Network engineer at PT. Sisindokom Lintasbuana', '', '', '0000-00-00', '0000-00-00'),
(11, 165, 0, 'Senior network engineer at PT. Lintas Teknologi Indonesia', '', '', '0000-00-00', '0000-00-00'),
(17, 251, 0, 'Salesbrity Trainer', '', '', '0000-00-00', '0000-00-00'),
(18, 265, 53, 'Teacher', 'Teacher', 'Mengajari Mahasiswa Bina Nunsatara yang tergabung dalam organisasi Bina Nusantara Computer Club dalam bidang Web programming dasar dari web static menjadi web dynamic. Bahasa web programming yang saya gunakan adalah PHP', '2013-09-02', '2014-09-01'),
(19, 265, 111, 'Web Programmer', 'Web Programmer', 'Fave is a professional project house focused on development and services. fave has spent many years to provide IT Solution to personal and companies in Indonesia. We create Websites, Mobile Apps, and Multimedia with our utmost care for our clients. ', '2013-10-07', '2014-07-04'),
(20, 265, 112, 'Internship Web Programmer', 'Internship Web Programmer', 'Mendapatkan pengalaman bekerja sebagai web programmer di dalam tim serta mendapatkan berbagai pengetahuan baru dalam bidang computer science di berbagai project.', '2014-01-06', '2014-06-10'),
(22, 276, 125, 'Account Manager', 'Account Manager', 'He started his career as an engineer in an Australian Mining Consultant before he joined PT. ASTRA GRAPHIA – Computer Division, a distributor of Digital Equipment Corporation USA ( later COMPAQ INDONESIA and now HEWLETT-PACKARD INDONESIA), in 1990 starting as Account Manager.', '1990-01-01', '1991-01-01'),
(23, 276, 125, 'Account Manager - Oil ', 'Account Manager - Oil ', 'From 1991 to 1993 he took hold position as Account Manager, and in charge for selling to major accounts in the Oil ', '1991-01-01', '1993-01-01'),
(24, 276, 125, 'Marketing Communication Executive', 'Marketing Communication Executive', 'In 1993 to 1994 he served as Marketing Communication Executive at supervisor level, and in charge for generating demands to support sales team.  During his employment in Digital, he attended number of trainings in Jakarta and Singapore.', '1993-01-01', '1994-01-01'),
(25, 276, 126, ' Business Development Manager', ' Business Development Manager', 'In 1994 he joined Watson Wyatt Purbajaga, a leading actuarial and human resources consulting firm, and took hold position as Business Development Manager.   Besides his main duties in selling services and develop clientele, in this company he had successfully built and run Public Training Business.', '1994-01-01', '2001-01-01'),
(26, 276, 127, 'Marketing Communication Manager', 'Marketing Communication Manager', 'In early 2002, after about 8 years absence he returned to IT industry by joining to PT. ACER INDONESIA, this time he hold position as Marketing Communications Manager.  In addition to his main function, he was also in charge for Sales Training to Resellers and also internal training for sales team. ', '2002-01-01', '2003-01-01'),
(27, 276, 128, 'Director', 'Director', 'With long years of consistent experience in the field of Sales and Marketing, in 2003 he established his own company TELEQUEST CONSULTRAIN a training firm specialising  in  Sales Skill Development, Teleselling and Call center.', '2003-01-01', '1970-01-01'),
(28, 279, 186, 'Training Officer Humar Resouces Department', 'Training Officer Humar Resouces Department', 'menyusun training modules, menyusun matrix competencies, menyusun training needs analysis, mengajar sebagai internal trainer', '2010-06-01', '2011-09-30'),
(30, 370, 249, 'Provider Training', 'Provider Training', ' ', '2007-01-11', '2016-01-01'),
(32, 372, 194, 'Managing Principal', 'Managing Principal', 'An Organization Effectiveness Consulting Firm that focus on Management System, Organization Design, People Management and Leadership. Roligio use training/ learning, coaching, mentoring and advisory services as their tools to help their clients in grasping their desired outcome. He plays major role in designing and managing the firm as well as in running the firm in partnership basis.', '2007-02-01', '1234-01-01'),
(33, 372, 254, 'Corporate Human Resource Head', 'Corporate Human Resource Head', 'Kino is an FMCG and distribution group of companies. In this one year project, he administered and moved things around to set a corporate HR function and re-engineered the Human Resources division to meet the business needs.', '2011-01-01', '2012-01-01'),
(34, 372, 255, 'VP Business Development', 'VP Business Development', 'Lumineux was designed to be a parent company of the group. This project is an extension of Hock Group project. He functioned as business developer, had set the blue print of the group and led Surabaya plants as well as coordinating corporate marketing function aside of leading the corporate HR, GA ', '2009-01-01', '2009-09-01'),
(35, 372, 256, 'Business Support Manager', 'Business Support Manager', 'Hock Group is an integrated metal works companies with subsidiaries and affiliates across Indonesia. In this project, he developed technical training centre, restructured and re-engineered the HR-GA-IT role, function, system and way of work in accelerating the business operations.', '2008-04-01', '2009-09-01'),
(36, 372, 257, 'HR Manager - Training ', 'HR Manager - Training ', 'Thames Pam Jaya is operating utility company under concession right from provincial government. As Thames Water acquired by RWE, all international business sold.  He was engaged to create centre of excellence in people management. Aside of work process streamlining, he had been successfully developed structured practical-based technical training curriculum, assessment development centre and provided succession scheme to the executive management team, as well as catalyzed communication among three different employment groups.', '2005-10-01', '2007-11-01'),
(37, 372, 258, 'Training & Development', 'Training & Development', 'Being the first dedicated Training ', '2002-01-01', '2003-01-01'),
(38, 372, 259, 'Associate Lecturer', 'Associate Lecturer', ' ', '1998-01-01', '2003-01-01'),
(39, 372, 260, 'Training ', 'Training ', 'Ateja Group was the largest upholstery textile manufacturer in South-East Asia. He was held responsible for increasing employee capabilities in managerial as well as technical aspects. Cooperating with other department heads to have mutual benefits and cooperating with external institution to bring up the level of competencies of all level of employees was his strategy that had been effectively proven. Here, he developed the first technical training program across factories and put them into positive result in a very short time of three months. During his tenure in Ateja, the company had the first structured training program for managers and English program for employees and the first participation in Toyota QCC convention.', '1997-01-01', '2001-01-01'),
(40, 372, 261, 'Lecturer for Accounting Fundamentals', 'Lecturer for Accounting Fundamentals', ' ', '1997-01-01', '1998-01-01'),
(41, 372, 262, 'Lecturer for Accounting Information System', 'Lecturer for Accounting Information System', ' ', '1996-01-01', '1998-01-01'),
(42, 372, 263, 'Management Consultant', 'Management Consultant', ' ', '1995-01-01', '1997-01-01'),
(44, 372, 9, 'TIDUR', 'TIDUR', ' ', '1994-01-01', '2005-01-01'),
(45, 372, 265, 'asdad', 'asdad', ' ', '1970-01-01', '1970-01-01'),
(46, 265, 267, 'asdasd', 'asdasd', ' ', '1970-01-01', '1234-01-01');

-- --------------------------------------------------------

--
-- Table structure for table `user`
--

CREATE TABLE IF NOT EXISTS `user` (
  `user_id` int(11) NOT NULL AUTO_INCREMENT,
  `role_id` varchar(30) NOT NULL,
  `group_id` int(11) NOT NULL,
  `first_name` varchar(50) NOT NULL,
  `last_name` varchar(50) NOT NULL,
  `email` varchar(50) NOT NULL,
  `password` char(32) NOT NULL,
  `summary` text NOT NULL,
  `area` varchar(100) NOT NULL,
  `address` varchar(255) NOT NULL,
  `gender` char(1) NOT NULL,
  `dob` date NOT NULL,
  `current_job_position` varchar(100) NOT NULL,
  `job_level` varchar(100) NOT NULL,
  `industry_type` varchar(100) NOT NULL,
  `phone_number` varchar(15) NOT NULL,
  `profile_image` varchar(255) NOT NULL,
  `cover_image` varchar(200) NOT NULL,
  `last_online` datetime NOT NULL,
  `registration_date` timestamp NOT NULL DEFAULT CURRENT_TIMESTAMP,
  `key_code` varchar(6) NOT NULL,
  `credit` int(11) NOT NULL,
  `personality_test` varchar(100) NOT NULL,
  `user_slug` varchar(100) NOT NULL,
  `is_active` int(11) NOT NULL,
  `is_verified_email` int(11) NOT NULL,
  PRIMARY KEY (`user_id`)
) ENGINE=InnoDB  DEFAULT CHARSET=latin1 AUTO_INCREMENT=393 ;

--
-- Dumping data for table `user`
--

INSERT INTO `user` (`user_id`, `role_id`, `group_id`, `first_name`, `last_name`, `email`, `password`, `summary`, `area`, `address`, `gender`, `dob`, `current_job_position`, `job_level`, `industry_type`, `phone_number`, `profile_image`, `cover_image`, `last_online`, `registration_date`, `key_code`, `credit`, `personality_test`, `user_slug`, `is_active`, `is_verified_email`) VALUES
(61, '2', 1, 'Okta', 'Bayu Putra', 'okta_bayuputra@yahoo.com', '3ef411aa81e16bd54bf096ab70bb5e48', '', '', '', '', '0000-00-00', 'Corporate Learning Manager', '', '', '082110127050', 'default.png', 'default.jpg', '0000-00-00 00:00:00', '2015-10-01 10:36:54', '314768', 0, '', '61', 1, 0),
(62, '3', 0, '', '', 'okta.bayuputra@gmail.com', '', '', '', '', '', '0000-00-00', '', '', '', '', '', '', '0000-00-00 00:00:00', '2015-10-01 10:47:38', '292345', 0, '', '62', 0, 0),
(67, '2', 3, 'hari', 'darojat', 'hari@hspacademy.com', 'd887c2defa27ab68ff9117a57b400c91', '', '', '', '', '0000-00-00', 'account manager', '', '', '081283886030', 'default.png', 'default.jpg', '0000-00-00 00:00:00', '2015-10-05 02:19:26', '678938', 0, '', '67', 1, 0),
(68, '1', 4, 'Budi', 'Hartono', 'budi.hartono@erajaya.com', '45111db86cee4f36c751c52647938ea5', '', '', '', '', '0000-00-00', 'Training Manager', '', '', '081281822766', 'default.png', 'default.jpg', '0000-00-00 00:00:00', '2015-10-05 04:26:06', '545948', 0, '', '68', 1, 0),
(69, '2', 5, 'wirahmayanti', 'yanti', 'cigmatraining@yahoo.co.id', '55021ca5b4768c36999a835e31aa4444', '', 'Jakarta Selatan , DKI Jakarta', 'Tebet Jakarta', 'F', '2011-03-11', 'Manager', '', '', '02151372086', 'default.png', 'default.jpg', '2015-12-10 08:47:16', '2015-10-05 05:13:29', '722479', 0, '', '69', 1, 0),
(70, '3', 0, '', '', 'hendry@trainersclub.or.id', '', '', '', '', '', '0000-00-00', '', '', '', '', '', '', '0000-00-00 00:00:00', '2015-10-05 06:45:09', '', 0, '', '70', 0, 0),
(71, '2', 6, 'Hafizuddin', 'Hafizuddin', 'lambertconsulttraining@gmail.com', 'ddfc22d3970c075c72ed91a088aa2313', '', '', '', '', '0000-00-00', 'Marketing Manager', '', '', '082118888091', 'default.png', 'default.jpg', '2015-11-12 07:55:04', '2015-10-05 06:53:22', '102566', 0, '', '71', 1, 0),
(73, '1', 7, 'Firman', 'Mahar Rizqi', 'maharrizqithree@yahoo.com', '0c85049d879d37fbc28fcfb1de243c19', '', '', '', '', '0000-00-00', 'Video Editor - Employee', '', '', '085781270577', 'default.png', 'default.jpg', '0000-00-00 00:00:00', '2015-10-05 12:40:15', '718221', 0, '', '73', 1, 0),
(74, '3', 0, '', '', 'hendryr@gmail.com', '', '', '', '', '', '0000-00-00', '', '', '', '', '', '', '0000-00-00 00:00:00', '2015-10-06 02:52:57', '', 0, '', '74', 0, 0),
(75, '2', 8, 'Christine', 'Siagian', 'meishohoho@yahoo.com', '9564d850cc10d2a6284a5427602b2eb8', '', '', '', '', '0000-00-00', 'A', '', '', '123', 'default.png', 'default.jpg', '0000-00-00 00:00:00', '2015-10-06 04:05:31', '158847', 0, '', '75', 1, 0),
(86, '2', 13, 'Vireo', 'Rachmawati', 'vireo.rachmawati@vads.co.id', 'e9586b8cc15745c1b0572ecae9c0dc53', '', '', '', '', '0000-00-00', 'Marketing Executive', '', '', '0812 9830 2662', 'default.png', 'default.jpg', '0000-00-00 00:00:00', '2015-10-09 01:19:55', '226208', 0, '', '86', 1, 0),
(88, '1', 14, 'Frits', 'Soejoedi', 'frits.soejoedi@outook.com', 'f33289bb26697d3f802bc6e82f3e0023', '', '', '', '', '0000-00-00', 'Vice President Mandiri University', '', '', '08151828654', 'default.png', 'default.jpg', '0000-00-00 00:00:00', '2015-10-09 10:05:32', '886336', 0, '', '88', 1, 0),
(102, '2', 0, '', '', 'johnmargono@gmail.com', '', '', '', '', '', '0000-00-00', '', '', '', '', '', '', '0000-00-00 00:00:00', '2015-10-14 03:06:56', '163376', 0, '', '102', 0, 0),
(108, '3', 15, 'Yant', 'Subiyanto', 'yant.subiyanto@gmail.com', '76e6ced1803e724e8d7e9c05fc92cb8f', '', 'Indonesia, Malaysia, Timor Leste, Singapura', 'Jl Srikandi No 3 Griyamukti', 'M', '1974-10-20', 'Founder', '', '', '081226100050', '_MG_8506c.jpg', 'default.jpg', '2015-11-04 04:03:44', '2015-10-15 02:54:28', '515818', 1, 'The Performer', '108', 1, 0),
(109, '3', 0, '', '', 'aziez_abdul@yahoo.com.sg', '', '', '', '', '', '0000-00-00', '', '', '', '', '', '', '0000-00-00 00:00:00', '2015-10-15 03:21:12', '943082', 0, '', '109', 0, 0),
(110, '3', 0, '', '', 'mediaprosolo@gmail.com', '', '', '', '', '', '0000-00-00', '', '', '', '', '', '', '0000-00-00 00:00:00', '2015-10-15 03:22:02', '280631', 0, '', '110', 0, 0),
(111, '3', 0, '', '', 'adunk_fis@yahoo.com', '', '', '', '', '', '0000-00-00', '', '', '', '', '', '', '0000-00-00 00:00:00', '2015-10-15 03:22:53', '834305', 0, '', '111', 0, 0),
(112, '2', 0, '', '', 'Kasno.Rachman@jac-recruitment.com', '', '', '', '', '', '0000-00-00', '', '', '', '', '', '', '0000-00-00 00:00:00', '2015-10-15 03:23:27', '790593', 0, '', '112', 0, 0),
(113, '2', 17, 'mahyun', 'adhesi', 'mahyun_sagai@yahoo.com', '6f397f5a76bf0774baa5f9a59abd3430', '', '', '', '', '0000-00-00', 'Internet Marketing', '', '', '085361540488', 'default.png', 'default.jpg', '2016-01-27 12:15:30', '2015-10-15 04:50:09', '682514', 0, '', '186', 1, 0),
(114, '3', 0, '', '', 'rickyph96@gmail.com', '', '', '', '', '', '0000-00-00', '', '', '', '', '', '', '0000-00-00 00:00:00', '2015-10-15 08:29:09', '', 0, '', '114', 0, 0),
(115, '1', 0, '', '', 'brian@techinasia.com', '', '', '', '', '', '0000-00-00', '', '', '', '', '', '', '0000-00-00 00:00:00', '2015-10-15 11:19:04', '', 0, '', '115', 0, 0),
(117, '3', 0, '', '', 'andi@gmail.com', '', '', '', '', '', '0000-00-00', '', '', '', '', 'img/photos/default.png', '', '0000-00-00 00:00:00', '2015-10-16 06:35:42', '404113', 0, '', '117', 1, 0),
(128, '2', 0, '', '', 'mso@lpai.co.id', '', '', '', '', '', '0000-00-00', '', '', '', '', '', '', '0000-00-00 00:00:00', '2015-10-19 03:04:14', '', 0, '', '', 0, 0),
(129, '3', 23, 'Budi', 'Tjahyadi', 'budi@coachncoach.com', '4917bf3cbd0a18607412d5f5fc1e2c8f', '', '', '', '', '0000-00-00', 'Business Coach', '', '', '085779771688', 'default.png', 'default.jpg', '0000-00-00 00:00:00', '2015-10-19 03:04:29', '683003', 0, 'The Performer', '', 1, 0),
(130, '3', 21, 'Victor', 'Sidabutar', 'victor.sidabutar@yahoo.com', '082785ae2acd51b5ef9c95dd43339b45', '', '', '', '', '0000-00-00', 'Trainer Dan Coach ', '', '', '+6285288095354', 'default.png', 'default.jpg', '0000-00-00 00:00:00', '2015-10-19 03:06:29', '979901', 0, '', '', 1, 0),
(131, '2', 22, 'Ninuk', 'Nurhasanah', 'ninuk.nurhasanah@meta-mind.com', '26cd4cd75fdbf78b3c6f7b4f9c56fdcd', '', '', '', '', '0000-00-00', 'Marketing Support', '', '', '021 290 222 29', 'default.png', 'default.jpg', '0000-00-00 00:00:00', '2015-10-19 03:35:02', '722899', 0, '', '', 1, 0),
(132, '2', 0, '', '', 'agustrainingjogja@gmail.com', '', '', '', '', '', '0000-00-00', '', '', '', '', '', '', '0000-00-00 00:00:00', '2015-10-19 03:48:10', '', 0, '', '', 0, 0),
(134, '3', 25, 'Ichsan ', 'Maulana', 'Maulana.ichsan@yahoo.co.id', 'b567741fee589b7d7c2de223fee03f55', '', '', '', '', '0000-00-00', 'Business Coach, Director & Independent Commissioner', '', '', '+6282141140686', 'default.png', 'default.jpg', '0000-00-00 00:00:00', '2015-10-19 09:16:39', '105258', 0, 'DISC', '', 1, 0),
(135, '2', 27, 'Edih ', 'Suryadi', 'edihpik@gmail.com', '3be6375e54c8555b0d375198ff057308', '', '', '', '', '0000-00-00', 'Manager ', '', '', '081806503020', 'default.png', 'default.jpg', '0000-00-00 00:00:00', '2015-10-20 02:46:37', '379349', 0, '', '', 1, 0),
(136, '2', 28, 'Cynthia', 'Bondad', 'cynthia.bondad@mchunson.com', 'dc0b91e08411ac2789f61a4b8c29170f', '', '', '', '', '0000-00-00', 'Managing Director', '', '', '082210114498', 'default.png', 'default.jpg', '0000-00-00 00:00:00', '2015-10-20 02:47:46', '345292', 0, '', '', 1, 0),
(137, '1', 0, '', '', 'trainingpratama2@gmail.com', '', '', '', '', '', '0000-00-00', '', '', '', '', '', '', '0000-00-00 00:00:00', '2015-10-20 02:48:52', '171257', 0, '', '', 0, 0),
(138, '2', 0, '', '', 'alvien.angelica@gmail.com', '', '', '', '', '', '0000-00-00', '', '', '', '', '', '', '0000-00-00 00:00:00', '2015-10-20 02:49:56', '341895', 0, '', '', 0, 0),
(139, '2', 29, 'Pradigdo', 'Dido', 'pradigdo@mitracomm.com', '2b2fd2cb5594376ac3144eb15b254e32', '', '', '', '', '0000-00-00', 'Sales Marketing', '', '', '081382255600', 'default.png', 'default.jpg', '0000-00-00 00:00:00', '2015-10-20 03:01:22', '209069', 0, '', '', 1, 0),
(140, '2', 0, '', '', 'Ranirani@qq.co.id', '', '', '', '', '', '0000-00-00', '', '', '', '', '', '', '0000-00-00 00:00:00', '2015-10-20 03:04:11', '', 0, '', '', 0, 0),
(141, '2', 30, 'Rani', 'Rani', 'rani@qq.co.id', '19d7c2fee42fe409dfb38152e23584b4', '', '', '', '', '0000-00-00', 'Management Training', '', '', '08151629877', 'default.png', 'default.jpg', '0000-00-00 00:00:00', '2015-10-20 03:07:39', '730667', 0, '', '', 1, 0),
(142, '2', 31, 'Dendy', 'Dendy', 'dendy@kmplus.com', 'db64570900442a9511c7083c178df898', '', '', '', '', '0000-00-00', 'Consultant', '', '', '081317003966', 'default.png', 'default.jpg', '0000-00-00 00:00:00', '2015-10-20 03:10:56', '913487', 0, '', '', 1, 0),
(143, '2', 32, 'Surawan', 'Cavalera', 'surawan@atmicikarang.ac.id', '8dbf3f322af52b0ce4ce416805d365eb', '', '', '', '', '0000-00-00', 'Instructor', '', '', '081383292002', 'default.png', 'default.jpg', '0000-00-00 00:00:00', '2015-10-20 03:17:49', '311811', 0, '', '', 1, 0),
(144, '2', 33, 'Asri', 'Larasati', 'asri@dunamis.co.id', 'cb82ee2ebca6a8ee56c748d7f42e6c76', '', '', '', '', '0000-00-00', 'Corporate Communications', '', '', '08128146051', 'default.png', 'default.jpg', '0000-00-00 00:00:00', '2015-10-20 03:21:13', '496052', 0, '', '', 1, 0),
(145, '2', 34, 'Eny', 'Hartuti', 'information.eli@pmbs.ac.id', '970ccbe59d989c85034edc68fc39f10a', '', '', '', '', '0000-00-00', 'Officer', '', '', '081808737773', 'default.png', 'default.jpg', '0000-00-00 00:00:00', '2015-10-20 03:24:03', '299499', 0, '', '', 1, 0),
(146, '2', 35, 'Jarot ', 'Anorogo', 'ja@pqm.co.id', 'cb988e06092328bac420fb2b855b4cc8', '', '', '', '', '0000-00-00', 'Director', '', '', '085888772344', 'default.png', 'default.jpg', '0000-00-00 00:00:00', '2015-10-20 03:28:34', '713981', 0, '', '', 1, 0),
(147, '2', 0, '', '', 'fahmiizar@mohsubagio.com', '', '', '', '', '', '0000-00-00', '', '', '', '', '', '', '0000-00-00 00:00:00', '2015-10-20 03:30:41', '', 0, '', '', 0, 0),
(148, '2', 36, 'Ian', 'Chua', 'ian.chua@terrapinn.com', '70c09ed97736d372f539592dc0a9c2ff', '', '', '', '', '0000-00-00', 'Biz Development ', '', '', '65 9786 3226', 'default.png', 'default.jpg', '0000-00-00 00:00:00', '2015-10-20 03:31:58', '153807', 0, '', '', 1, 0),
(149, '2', 37, 'Olan ', 'Sierra', 'olan@primasi.co.id', '4bed984203453e327e15495f75ed8553', '', '', '', '', '0000-00-00', 'Marketing Coordinator', '', '', '083813586730', 'default.png', 'default.jpg', '0000-00-00 00:00:00', '2015-10-20 03:34:18', '114864', 0, '', '', 1, 0),
(150, '2', 38, 'Dewi', 'Agustina', 'dewi_agustina@bca.co.id', '456480b8c7435bc8032acaa5de376985', '', '', '', '', '0000-00-00', 'Finance ', '', '', '081288256991', 'default.png', 'default.jpg', '0000-00-00 00:00:00', '2015-10-20 03:36:27', '240324', 0, '', '', 1, 0),
(151, '2', 39, 'Satrio ', 'Ariodutho', 'satrio.ariodutho@kinerja.id', 'c89d1cb37b6eec9ceef45e726ccbc56a', '', '', '', '', '0000-00-00', 'Training', '', '', '0811963953', 'default.png', 'default.jpg', '0000-00-00 00:00:00', '2015-10-20 03:37:51', '193863', 0, '', '', 1, 0),
(152, '2', 40, 'Reza ', 'Soedomo', 'reza.soedomo@kinerja.id', '027d77aac4a38a46b5dad69c8221d3dd', '', '', '', '', '0000-00-00', 'Managing Partner', '', '', '081513751313', 'default.png', 'default.jpg', '0000-00-00 00:00:00', '2015-10-20 03:40:49', '834541', 0, '', '', 1, 0),
(153, '3', 0, '', '', 'nur.muhammadian@gmail.com', '', '', '', '', '', '0000-00-00', '', '', '', '', '', '', '0000-00-00 00:00:00', '2015-10-20 13:39:33', '', 0, '', '', 0, 0),
(154, '1', 41, 'Benny ', 'Rachmadin', 'benny.rachmadin@pandawaci.net', 'd53f215ac4d3cf1642275f72a6c12dfd', '', '', '', '', '0000-00-00', 'Human Capital Corporate Culture & Change Management', '', '', '08119772959', 'default.png', 'default.jpg', '0000-00-00 00:00:00', '2015-10-21 04:01:50', '961360', 0, '', '', 1, 0),
(157, '3', 44, 'Iwan', 'Miltans', 'iwanmiltans@hotmail.co.id', 'dcb935b58384e486ed9dd720d527dce4', '', '', '', '', '0000-00-00', 'Learning Development Manager', '', '', '0878 84770084', 'default.png', 'default.jpg', '0000-00-00 00:00:00', '2015-10-22 02:17:47', '372048', 0, '', '', 1, 0),
(163, '1', 0, 'Fernando', 'Salim', 'fernandosalim19@gmail.com', 'a5d458fb36c842f33aec63f3821ef3e1', '', '', '', '', '0000-00-00', 'CEO', '', '', '', 'default.png', 'default.jpg', '0000-00-00 00:00:00', '2015-10-26 09:24:37', '948352', 0, '', '191', 1, 0),
(164, '1', 0, '', '', 'yokasano@yahoo.com', '', '', '', '', '', '0000-00-00', '', '', '', '', '', '', '0000-00-00 00:00:00', '2015-10-27 04:37:00', '', 0, '', '', 0, 0),
(165, '3', 46, 'Helmi', 'Bahaswan', 'helmibhs@gmail.com', 'e863a8b40fdeb7e04463f2848871a550', '', '', '', '', '0000-00-00', 'Network Trainer', '', '', '+628158140721', 'default.png', 'default.jpg', '0000-00-00 00:00:00', '2015-10-27 09:30:53', '816041', 0, 'The Educator', '', 1, 0),
(166, '2', 48, 'Sandy', 'Sandjaya', 'sandjaya.san@gmail.com', '1f417014bc3e1952a18744f40c4ef4ce', '', '', '', '', '0000-00-00', 'Manager', '', '', '081316553009', 'default.png', 'default.jpg', '0000-00-00 00:00:00', '2015-10-28 03:16:57', '831331', 0, '', '189', 1, 0),
(167, '1', 0, '', '', 'lisa.virgiandini@gmail.com', '', '', '', '', '', '0000-00-00', '', '', '', '', '', '', '0000-00-00 00:00:00', '2015-10-28 03:23:17', '673817', 0, '', '', 0, 0),
(168, '1', 0, '', '', 'tiana.rosmalinda@gmail.com', '', '', '', '', '', '0000-00-00', '', '', '', '', '', '', '0000-00-00 00:00:00', '2015-10-28 03:23:32', '799007', 0, '', '', 0, 0),
(169, '1', 0, '', '', 'tanti.melati@gmail.com', '', '', '', '', '', '0000-00-00', '', '', '', '', '', '', '0000-00-00 00:00:00', '2015-10-28 03:23:47', '713789', 0, '', '', 0, 0),
(170, '1', 0, '', '', 'silviana.susanti@gmail.com', '', '', '', '', '', '0000-00-00', '', '', '', '', '', '', '0000-00-00 00:00:00', '2015-10-28 03:23:57', '282569', 0, '', '', 0, 0),
(171, '1', 0, '', '', 'tata.hardianti@gmail.com', '', '', '', '', '', '0000-00-00', '', '', '', '', '', '', '0000-00-00 00:00:00', '2015-10-28 03:24:06', '520686', 0, '', '', 0, 0),
(172, '1', 0, '', '', 'astrid.muliani@gmail.com', '', '', '', '', '', '0000-00-00', '', '', '', '', '', '', '0000-00-00 00:00:00', '2015-10-28 03:24:14', '200794', 0, '', '', 0, 0),
(173, '1', 0, '', '', 'shindy.paramitha@gmail.com', '', '', '', '', '', '0000-00-00', '', '', '', '', '', '', '0000-00-00 00:00:00', '2015-10-28 03:24:22', '510729', 0, '', '', 0, 0),
(174, '1', 0, '', '', 'murni.melani@gmail.com', '', '', '', '', '', '0000-00-00', '', '', '', '', '', '', '0000-00-00 00:00:00', '2015-10-28 03:24:29', '768249', 0, '', '', 0, 0),
(175, '1', 0, '', '', 'donita.ekasari@gmail.com', '', '', '', '', '', '0000-00-00', '', '', '', '', '', '', '0000-00-00 00:00:00', '2015-10-28 03:24:37', '915696', 0, '', '', 0, 0),
(176, '1', 0, '', '', 'sekar.rianti@gmail.com', '', '', '', '', '', '0000-00-00', '', '', '', '', '', '', '0000-00-00 00:00:00', '2015-10-28 03:24:44', '984624', 0, '', '', 0, 0),
(177, '3', 0, '', '', 'dragonccna@gmail.com', '', '', '', '', '', '0000-00-00', '', '', '', '', '', '', '0000-00-00 00:00:00', '2015-10-28 07:04:34', '', 0, '', '', 0, 0),
(178, '2', 36, 'Monica ', 'Josephine', 'monica.josephine@terrapinn.com', '9b9cf86695c9d2fcc13897c8966ec7ac', '', '', '', '', '0000-00-00', 'In house Training Solutions Director', '', '', 'n.a.', 'default.png', 'default.jpg', '0000-00-00 00:00:00', '2015-10-29 03:38:26', '818930', 0, '', '', 1, 0),
(179, '2', 49, 'selvia', 'fanny', 'selvi100180@yahoo.com', '05785dbb0c200f34268a4184132bf54e', '', '', '', '', '0000-00-00', 'account Manager', '', '', '08174970677', 'default.png', 'default.jpg', '0000-00-00 00:00:00', '2015-10-30 10:49:46', '557933', 0, '', '179', 1, 0),
(186, '2', 0, '', '', 'mahyun_sagai@yahoo.com', '253cf4eb0fa9a2152c33aca971c0b486', '', '', '', '', '0000-00-00', '', '', '', '', 'default.png', 'default.jpg', '0000-00-00 00:00:00', '2015-11-02 09:41:57', '', 0, '', '186', 0, 0),
(187, '2', 54, 'novanita', 'triyanti', 'nova@lenterasafety.com', '9a9f41f06ea958ace000f4a2698288ce', '', '', '', '', '0000-00-00', '', '', '', '', 'default.png', 'default.jpg', '0000-00-00 00:00:00', '2015-11-02 10:04:25', '313416', 0, '', '187', 1, 0),
(189, '2', 0, '', '', 'sandjaya.san@gmail.com', '40d2211b5960fa483f28bcff93f3f136', '', '', '', '', '0000-00-00', '', '', '', '', 'default.png', 'default.jpg', '0000-00-00 00:00:00', '2015-11-04 03:44:41', '', 0, '', '189', 0, 0),
(190, '3', 70, 'Irsad', 'Nizam', 'inizam_hrnez@yahoo.com', 'a557d1f5cec27de22ba6f0c51bfe2fc0', '', 'Bintaro', 'Puri Town House,  Sektor IX - Bintaro', 'M', '0000-00-00', 'Managing Partner', '', '', '08113414878', 'IMG_5740.JPG', 'default.jpg', '0000-00-00 00:00:00', '2015-11-04 05:46:55', '637688', 0, '', '190', 1, 0),
(191, '3', 0, '', '', 'fernandosalim19@gmail.com', 'ff09c2f33ea7f34cea9f4a4834bf36c7', '', '', '', '', '0000-00-00', '', '', '', '', 'default.png', 'default.jpg', '0000-00-00 00:00:00', '2015-11-04 08:02:54', '', 0, '', '191', 0, 0),
(192, '3', 0, '', '', 'emmalita23@gmail.com', '1a89291eb87c9ef553c815b0e1b0f141', '', '', '', '', '0000-00-00', '', '', '', '', 'default.png', 'default.jpg', '0000-00-00 00:00:00', '2015-11-04 08:42:13', '', 0, '', '192', 0, 0),
(193, '3', 72, 'irwan', 'irwansyah', 'irwansyah66@gmail.com', 'f52eb7ee8993fb51041fa98c039e4d77', '', '', '', '', '0000-00-00', 'hrd manager', '', '', '081315105775', 'default.png', 'default.jpg', '0000-00-00 00:00:00', '2015-11-04 13:40:27', '353451', 0, 'sarjana manajemen', '193', 1, 0),
(194, '2', 0, '', '', 'usep@tds-solution.com', 'a7cbe590afee6df0ed889ea9f5d2783b', '', '', '', '', '0000-00-00', '', '', '', '', 'default.png', 'default.jpg', '2015-11-05 01:51:19', '2015-11-05 01:46:19', '', 0, '', '194', 0, 0),
(196, '3', 73, '', '', 'derajatridzky@yahoo.com', 'f0348cf92d768d2dd9763b035a25c8aa', '', '', '', '', '0000-00-00', 'Trainer', '', '', '+628563101614', 'default.png', 'default.jpg', '0000-00-00 00:00:00', '2015-11-05 08:20:30', '412798', 0, '', '196', 1, 0),
(198, '3', 0, '', '', 'magia.erebeia@gmail.com', '43332f02566c838a1451ec26eae508de', '', '', '', '', '0000-00-00', '', '', '', '', 'default.png', 'default.jpg', '0000-00-00 00:00:00', '2015-11-05 11:39:11', '', 0, '', '198', 0, 0),
(199, '3', 0, 'Hendry', 'Setiadi', 'hendrysetiadi@outlook.com', '43332f02566c838a1451ec26eae508de', '', 'Indonesia', '', 'M', '1994-08-12', '', '', '', '', '215704c.jpg', 'AAEAAQAAAAAAAAO9AAAAJGE0NDI2Zjc4LTIxNjAtNDJiZi04YWI2LWUwZmFkYzhkOTRjZQ.jpg', '0000-00-00 00:00:00', '2015-11-05 11:53:48', '', 0, '', '199', 0, 0),
(200, '3', 0, 'Hamdani', 'Hamdani', 'info@bushindotrainingcenter.co.id', 'a71f2a048cf7909d2eb723e084235ff1', '', '', '', '', '0000-00-00', '', '', '', '', 'default.png', 'default.jpg', '0000-00-00 00:00:00', '2015-11-06 08:43:20', '', 0, '', '200', 0, 0),
(207, '2', 78, 'Trainers Management', 'Indonesia', 'tmi.update@gmail.com', 'd4c17548463ce982b3960c5ec26587bf', '', 'DKI Jakarta Raya', 'Jl. Rasawasari Selatan I No. 24 Cempaka Putih Jakarta Pusat', 'F', '1972-12-21', 'Program Director', '', '', '083811955650', 'TMI1.JPG', 'IMG_0460.JPG', '2015-12-10 07:28:54', '2015-11-09 07:55:45', '518946', 0, '', '207', 1, 0),
(208, '1', 80, 'Nadya', 'Tatiana', 'nadya.tatiana@gt-tires.com', 'bf84d3f0a30e919fba0b1933423bbff5', '', '', '', '', '0000-00-00', 'Training Manager HO', '', '', '021-3805916 / 2', 'default.png', 'default.jpg', '0000-00-00 00:00:00', '2015-11-10 09:08:28', '186462', 0, '', '208', 1, 0),
(209, '2', 0, '', '', 'yuleko@gmail.com', '', '', '', '', '', '0000-00-00', '', '', '', '', 'default.png', 'default.jpg', '0000-00-00 00:00:00', '2015-11-11 08:28:21', '677268', 0, '', '209', 0, 0),
(210, '1', 90, 'Made', 'Sumiarta', 'madeprema@gmail.com', '', '', 'Yogyakarta', '', 'M', '0000-00-00', 'Owner', '', '', '08156803709', 'default.png', 'default.jpg', '0000-00-00 00:00:00', '2015-11-11 08:28:52', '524781', 0, '', '210', 1, 0),
(211, '2', 0, '', '', 'dickyconsulting@gmail.com', '', '', '', '', '', '0000-00-00', '', '', '', '', 'default.png', 'default.jpg', '0000-00-00 00:00:00', '2015-11-11 08:29:14', '170097', 0, '', '211', 0, 0),
(212, '3', 0, '', '', 'arnoldlembut@gmail.com', '', '', '', '', '', '0000-00-00', '', '', '', '', 'default.png', 'default.jpg', '0000-00-00 00:00:00', '2015-11-11 08:29:49', '651139', 0, '', '212', 0, 0),
(213, '3', 0, '', '', 'nurhadidahsyat@gmail.com', '', '', '', '', '', '0000-00-00', '', '', '', '', 'default.png', 'default.jpg', '0000-00-00 00:00:00', '2015-11-11 08:30:44', '534660', 0, '', '213', 0, 0),
(214, '2', 0, '', '', 'g.ardiyanto@gmail.com', '', '', '', '', '', '0000-00-00', '', '', '', '', 'default.png', 'default.jpg', '0000-00-00 00:00:00', '2015-11-11 08:33:26', '179024', 0, '', '214', 0, 0),
(215, '2', 0, '', '', 'proaktif.riris@gmail.com', '', '', '', '', '', '0000-00-00', '', '', '', '', 'default.png', 'default.jpg', '0000-00-00 00:00:00', '2015-11-11 08:34:08', '807982', 0, '', '215', 0, 0),
(216, '1', 0, '', '', 'lis.zuhriyah@gmail.com', '', '', '', '', '', '0000-00-00', '', '', '', '', 'default.png', 'default.jpg', '0000-00-00 00:00:00', '2015-11-11 08:34:57', '292813', 0, '', '216', 0, 0),
(217, '1', 0, '', '', 'muryanidwihastuti@gmail.com', '', '', '', '', '', '0000-00-00', '', '', '', '', 'default.png', 'default.jpg', '0000-00-00 00:00:00', '2015-11-11 08:41:05', '803727', 0, '', '217', 0, 0),
(218, '1', 0, '', '', 'sutardykaspoetra@gmail.com', '', '', '', '', '', '0000-00-00', '', '', '', '', 'default.png', 'default.jpg', '0000-00-00 00:00:00', '2015-11-11 08:41:41', '742613', 0, '', '218', 0, 0),
(219, '1', 0, '', '', 'herysupriyanto20@gmail.com', '', '', '', '', '', '0000-00-00', '', '', '', '', 'default.png', 'default.jpg', '0000-00-00 00:00:00', '2015-11-11 08:42:04', '919725', 0, '', '219', 0, 0),
(220, '1', 0, '', '', 'munawar@rumah123.com', '', '', '', '', '', '0000-00-00', '', '', '', '', 'default.png', 'default.jpg', '0000-00-00 00:00:00', '2015-11-11 08:43:17', '338689', 0, '', '220', 0, 0),
(221, '1', 0, '', '', 'yosminaldi@ejip.co.id', '', '', '', '', '', '0000-00-00', '', '', '', '', 'default.png', 'default.jpg', '0000-00-00 00:00:00', '2015-11-11 08:44:11', '589739', 0, '', '221', 0, 0),
(222, '1', 0, '', '', 'pramono_dku@yahoo.com', '', '', '', '', '', '0000-00-00', '', '', '', '', 'default.png', 'default.jpg', '0000-00-00 00:00:00', '2015-11-11 08:44:50', '957059', 0, '', '222', 0, 0),
(223, '1', 0, '', '', 'herryanto@nissan.co.id', '', '', '', '', '', '0000-00-00', '', '', '', '', 'default.png', 'default.jpg', '0000-00-00 00:00:00', '2015-11-11 08:45:53', '192975', 0, '', '223', 0, 0),
(224, '1', 0, '', '', 'sahermanto@chemi-con.co.id', '', '', '', '', '', '0000-00-00', '', '', '', '', 'default.png', 'default.jpg', '0000-00-00 00:00:00', '2015-11-11 08:46:11', '795425', 0, '', '224', 0, 0),
(225, '1', 41, 'Andry', 'Saputra B', 'andry.saputra@bankmega.com', '6e5bd8ba374ca5b33061b8e5de2f40a5', '', '', '', '', '0000-00-00', 'Learning & Development Specialist', '', '', '082208225994', 'default.png', 'default.jpg', '0000-00-00 00:00:00', '2015-11-12 02:34:51', '994421', 0, '', '225', 1, 0),
(226, '2', 0, '', '', 'deisy@3b.co.id', '', '', '', '', '', '0000-00-00', '', '', '', '', 'default.png', 'default.jpg', '0000-00-00 00:00:00', '2015-11-12 02:44:19', '663475', 0, '', '226', 0, 0),
(227, '2', 6, 'Hafizuddin', 'Lambert', 'lambertconsulttraining@yahoo.co.id', '1f16340dd5fe456bb8a657b75f13eaf7', '', '', '', '', '0000-00-00', 'Marketing Manager', '', '', '082118888091', 'default.png', 'default.jpg', '0000-00-00 00:00:00', '2015-11-12 06:42:15', '317452', 0, '', '227', 1, 0),
(228, '3', 0, '', '', 'sudaryatpermana@gmail.com', '', '', '', '', '', '0000-00-00', '', '', '', '', 'default.png', 'default.jpg', '0000-00-00 00:00:00', '2015-11-12 06:53:30', '917650', 0, '', '228', 0, 0),
(229, '3', 0, '', '', 'sembabiawan@leadtheword.com', '', '', '', '', '', '0000-00-00', '', '', '', '', 'default.png', 'default.jpg', '0000-00-00 00:00:00', '2015-11-12 06:58:23', '792046', 0, '', '229', 0, 0),
(230, '2', 91, 'Ruly', 'Handayani', 'ruly@frconsulting.co.id', '843c069d9efabe7340cf71bf7964b009', '', '', '', '', '0000-00-00', 'Junior Training Consultant', '', '', '085773517723', 'default.png', 'default.jpg', '0000-00-00 00:00:00', '2015-11-12 09:14:17', '770978', 0, '', '230', 1, 0),
(231, '3', 0, '', '', 'michael@frconsulting.co.id', '', '', '', '', '', '0000-00-00', '', '', '', '', 'default.png', 'default.jpg', '0000-00-00 00:00:00', '2015-11-12 09:16:13', '690087', 0, '', '231', 0, 0),
(232, '2', 0, 'Sam', 'Alkaaf', 'saalkaaf@gmail.com', 'faae52b53ad80209f57cb48479442736', '', '', '', '', '0000-00-00', '', '', '', '', 'default.png', 'default.jpg', '0000-00-00 00:00:00', '2015-11-12 11:27:20', '', 0, '', '232', 0, 0),
(234, '2', 93, 'Meilani', 'Sitio', 'meilani.sitio@dalecarnegie.co.id', '2b26b2b5b2ed23768b585bc80352f282', '', '', '', '', '0000-00-00', 'Training Advisor', '', '', '89656932157', 'default.png', 'default.jpg', '0000-00-00 00:00:00', '2015-11-13 02:01:53', '761354', 0, '', '234', 1, 0),
(235, '1', 94, 'Joni', 'Zou', 'd70ni@yahoo.com', 'ee01ac2a73e73fce18aee30f3ba1e67e', '', '', '', '', '0000-00-00', 'Head of Learning & Develpment Dept', '', '', '21-57958822', 'default.png', 'default.jpg', '2015-11-13 04:35:49', '2015-11-13 04:23:25', '159113', 0, '', '235', 1, 0),
(236, '3', 0, 'Agus', 'Juanda', 'Agus.Juanda76@gmail.com', '4febd10c6c871154e6e86deb26101e92', '', '', '', '', '0000-00-00', '', '', '', '', 'default.png', 'default.jpg', '0000-00-00 00:00:00', '2015-11-13 07:27:28', '', 0, '', '236', 0, 0),
(237, '3', 0, 'emanuel eko', 'haryanto', 'eko_gudeg@yahoo.com', '7299ff5a3b64efa1109b6ce83d79edaa', '', '', '', '', '0000-00-00', '', '', '', '', 'default.png', 'default.jpg', '0000-00-00 00:00:00', '2015-11-13 12:36:47', '', 0, '', '237', 0, 0),
(238, '3', 0, 'Ferdinand', 'Kentjana ', 'dynamiclifeconsultant@gmail.com', '2b92450bd95c3d0491a092407baa79ed', '', '', '', '', '0000-00-00', '', '', '', '', 'default.png', 'default.jpg', '0000-00-00 00:00:00', '2015-11-13 13:07:04', '', 0, '', '238', 0, 0),
(239, '3', 0, 'Ferdinand', 'Kentjana', 'dynamiclfeconsultant@gmail.com', '2b92450bd95c3d0491a092407baa79ed', '', '', '', '', '0000-00-00', '', '', '', '', 'default.png', 'default.jpg', '0000-00-00 00:00:00', '2015-11-13 13:53:28', '', 0, '', '239', 0, 0),
(240, '1', 95, 'Edward', '.', 'coozooroo@yahoo.com', '8ddcff3a80f4189ca1c9d4d902c3c909', '', '', '', '', '0000-00-00', 'Strategic Planning', '', '', '83898376207', 'default.png', 'default.jpg', '0000-00-00 00:00:00', '2015-11-15 16:52:57', '396012', 0, '', '240', 1, 0),
(241, '1', 0, 'Yudi', 'Handoko', 'yudih@japfacomfeed.co.id', '2c4f526fce6692e44e0e7e8310e34f63', '', '', '', '', '0000-00-00', '', '', '', '', 'default.png', 'default.jpg', '0000-00-00 00:00:00', '2015-11-16 07:46:55', '', 0, '', '241', 0, 0),
(243, '2', 96, 'Ahmad', 'Yokasano', 'yokasano@netlearn.co.id', 'd0fd62eda6cc4c840163b817bbfc873c', '', '', '', '', '0000-00-00', 'Director', '', '', '87887104849', 'default.png', 'default.jpg', '0000-00-00 00:00:00', '2015-11-18 03:15:50', '761527', 1, '', '243', 1, 0),
(245, '1', 0, '', '', 'winny@lt-indonesia.com', '', '', '', '', '', '0000-00-00', '', '', '', '', 'default.png', 'default.jpg', '0000-00-00 00:00:00', '2015-11-18 03:21:04', '689411', 0, '', '245', 0, 0),
(246, '1', 0, '', '', 'yuniwati@lt-indonesia.com', '', '', '', '', '', '0000-00-00', '', '', '', '', 'default.png', 'default.jpg', '0000-00-00 00:00:00', '2015-11-18 03:22:24', '244602', 0, '', '246', 0, 0),
(248, '1', 100, '', '', 'meira@lt-indonesia.com', '', '', '', '', '', '0000-00-00', 'HR Assistant Manager', '', '', '81322185758', 'default.png', 'default.jpg', '2015-11-18 03:59:11', '2015-11-18 03:23:05', '933722', 0, '', '248', 1, 0),
(249, '3', 0, '', '', 'ade@netlearn.co.id', '04c95a8ca341201a004ed85152a2c755', '', '', '', '', '0000-00-00', '', '', '', '', 'default.png', 'default.jpg', '0000-00-00 00:00:00', '2015-11-18 06:01:49', '347040', 0, '', '249', 0, 0),
(250, '3', 0, 'Arnold', 'T', 'arnold_tanubrata@hotmail.com', '300cae0a3b0bbe7467d75e78b567ec8a', '', '', '', '', '0000-00-00', '', '', '', '', 'default.png', 'default.jpg', '0000-00-00 00:00:00', '2015-11-18 06:38:27', '', 0, '', '250', 0, 0),
(251, '3', 101, 'YudhiKa', 'Gunawan', 'yudhi.k.gunawan@gmail.com', 'e54a9c292ab76d017c921efb797fe8ae', '', '', '', '', '0000-00-00', 'Salesbrity Trainer', '', '', '81350088040', 'default.png', 'default.jpg', '0000-00-00 00:00:00', '2015-11-19 10:15:29', '840985', 0, 'Myerrs Brigg Typical Inventory, DISC Profiling, Value System', '251', 1, 0),
(254, '1', 104, 'Surya', 'Sastra', 'surya.bluesky@gmail.com', '6fe24cf53ecae1cc5a8aacf6e0f60f12', '', '', '', '', '0000-00-00', 'Learning and Development Assistant Manager', '', '', '085811353086', 'default.png', 'default.jpg', '2015-11-23 06:32:06', '2015-11-23 06:28:55', '752064', 0, '', '254', 1, 0),
(255, '2', 105, 'Kiagus', 'Rifdan', 'kiagusrifdan@gmail.com', '217c7f73659881f36a3c1f1ff3f5cb3f', '', '', '', '', '0000-00-00', 'Owner', '', '', '081314595370', 'default.png', 'default.jpg', '0000-00-00 00:00:00', '2015-11-23 10:42:32', '384444', 0, '', '255', 1, 0),
(256, '3', 0, 'Rizal', 'Dipraja', 'rizaldipraja@outlook.com', 'e550b4cd3d3b9af82f53814e6b96f348', '', '', '', '', '0000-00-00', '', '', '', '081322820663', 'default.png', 'default.jpg', '0000-00-00 00:00:00', '2015-11-23 13:38:31', '', 0, '', '256', 0, 0),
(259, '1', 0, '', '', 'lilyfalihas@yahoo.com', 'b8db126ca0d85eca6788f239fe57bf2a', '', '', '', '', '0000-00-00', '', '', '', '', 'default.png', 'default.jpg', '0000-00-00 00:00:00', '2015-11-24 01:20:59', '', 0, '', '259', 0, 0),
(260, '3', 0, 'Rani Indriani', 'Kusumah', 'raniindrianikusumah@gmail.com', '7e31c7031bbbd5e61a8f21021ab1931f', '', '', '', '', '0000-00-00', '', '', '', '+6285860004288', 'default.png', 'default.jpg', '0000-00-00 00:00:00', '2015-11-24 06:12:52', '', 0, '', '260', 0, 0),
(261, '2', 9, 'Adhy', 'Wiranata', 'adhy.wiranata@speaqusprovider.com', 'bb03a0bf5e3460462076a54af1433a5e', '', 'Jakarta', 'Jakarta', '', '0000-00-00', 'CTO', '', '', '08123123', 'pp3.jpg', 'hyoka.jpg', '0000-00-00 00:00:00', '2015-11-24 07:04:42', '225502', 0, '', '261', 1, 0),
(265, '3', 206, 'Fandy', 'Limardi', 'Fandy_limardi@yahoo.com', '46f94c8de14fb36680850768ff1b7f2a', '', 'Jakarta Barat , DKI Jakarta', '', '', '0000-00-00', 'COO', '', '', '081776523846', 'fandyakwka.jpg', 'default.jpg', '2016-01-27 12:14:41', '2015-11-25 01:44:18', '397133', 0, '', 'Fandy-Limardi', 1, 0),
(269, '1', 114, 'Armanto', 'Joedono', 'armanjd.tempo@gmail.com', 'cd806f6a4ed19ef8020488766ec16a7e', '', '', '', '', '0000-00-00', 'rekrutmen dan training', '', '', '08998303567', 'default.png', 'default.jpg', '0000-00-00 00:00:00', '2015-11-25 07:33:23', '884203', 0, '', '269', 1, 0),
(274, '1', 123, 'christine', 'paruliana', 'christine.paruliana@godrejcp.com', 'ef11a9f144e14b27524f16a06a32521d', '', '', '', '', '0000-00-00', 'Senior HR Manager', '', '', '08118256330', 'default.png', 'default.jpg', '0000-00-00 00:00:00', '2015-12-01 08:00:06', '610047', 0, '', '274', 1, 0),
(275, '1', 123, '', '', 'aminulah.supriyadi@godrejcp.com', '', '', '', '', '', '0000-00-00', '', '', '', '', 'default.png', 'default.jpg', '0000-00-00 00:00:00', '2015-12-01 08:01:26', '116868', 0, '', '275', 0, 0),
(276, '2', 124, 'Martono', 'Lukmantara', 'martono@telequest.co.id', '015e46617b20dde0ead5b9d637639669', '', '', '', '', '0000-00-00', 'Director', '', '', '08161309657', 'default.png', 'default.jpg', '2016-01-12 06:04:24', '2015-12-01 12:07:45', '764609', 0, '', '276', 1, 0),
(277, '1', 0, 'Katindo Megah', 'Utama', 'katindomegahutama@gmail.com', 'c1a9298fc109697fc742caf47150c1ae', '', '', '', '', '0000-00-00', '', '', '', '082231488778', 'default.png', 'default.jpg', '0000-00-00 00:00:00', '2015-12-02 07:15:26', '', 0, '', '277', 0, 0),
(278, '1', 0, 'Ariendra', 'Putra', 'ariendraputr@yahoo.com', '5445ec720d0c263538bc4596ed6fc6e1', '', '', '', '', '0000-00-00', '', '', '', '081233772646', 'default.png', 'default.jpg', '0000-00-00 00:00:00', '2015-12-04 04:08:15', '', 0, '', '278', 0, 0),
(279, '3', 184, 'William', 'Budiman', 'william.sulivan.budiman@gmail.com', '8e27880ef2bc1fbab33746c19ef23c81', '', 'Jakarta Barat , DKI Jakarta', '', 'M', '1985-10-21', 'Program Director', '', '', '+6281574265213', 'Foto_profil1.jpg', 'img_00591.jpg', '0000-00-00 00:00:00', '2015-12-07 02:48:38', '836769', 0, '', '279', 1, 0),
(280, '3', 0, 'Kidung ', 'Pascalis', 'kidungpascalis@gmail.com', '', '', '', '', '', '0000-00-00', '', '', '', '', 'default.png', 'default.jpg', '0000-00-00 00:00:00', '2015-12-07 02:56:27', '141035', 0, '', '280', 0, 0),
(281, '3', 0, 'Hanlie', 'Mulyani', 'hanlie@soa-edu.com', '', '', '', '', '', '0000-00-00', '', '', '', '', 'default.png', 'default.jpg', '0000-00-00 00:00:00', '2015-12-07 02:58:09', '711630', 0, '', '281', 0, 0),
(282, '1', 0, '', '', 'www.frankie.wijaya@lautan-luas.com', '', '', '', '', '', '0000-00-00', '', '', '', '', 'default.png', 'default.jpg', '0000-00-00 00:00:00', '2015-12-07 03:00:05', '428363', 0, '', '282', 0, 0),
(283, '1', 185, '', '', 'noviaameliaa@gmail.com', '', '', '', '', '', '0000-00-00', '', '', '', '', 'default.png', 'default.jpg', '0000-00-00 00:00:00', '2015-12-07 03:00:55', '960677', 0, '', '283', 0, 0),
(284, '1', 0, '', '', 'frankie.wijaya@lautan-luas.com', '', '', '', '', '', '0000-00-00', '', '', '', '', 'default.png', 'default.jpg', '0000-00-00 00:00:00', '2015-12-07 03:02:20', '523415', 0, '', '284', 0, 0),
(285, '3', 0, 'Jessica', 'Farolan', 'farolan.jessica@gmail.com', '', '', '', '', '', '0000-00-00', '', '', '', '', 'default.png', 'default.jpg', '0000-00-00 00:00:00', '2015-12-07 03:11:16', '897655', 0, '', '285', 0, 0),
(291, '2', 192, 'Eko', 'Budi Sektiono', 'fauziahbonita@gmail.com', 'bf91a2013a83b6441c595bf50e5f3131', '', 'Jakarta Timur , DKI Jakarta', 'Nariba Dua Building No.205 Jl. TB Simatupang No.49 Jakarta Timur 13760', 'M', '0000-00-00', 'MARKETING MANAGER', '', '', '081330009003', 'bos_eko.jpg', 'default.jpg', '2015-12-18 08:03:16', '2015-12-10 03:26:09', '150386', 0, '', '291', 1, 0),
(292, '1', 193, 'Kinggo', '', 'vfokingho@gmail.com', '17213fb570599043ec3d2be0f4b47a2b', '', '', '', '', '0000-00-00', 'Co-Founder', 'Co-Founder', 'Tech', '082131608058', 'default.png', 'default.jpg', '0000-00-00 00:00:00', '2015-12-10 07:10:40', '421540', 0, '', '292', 1, 0),
(293, '1', 193, 'Daniel', '', 'Daniel_30_1_1993@hotmail.com', '', '', '', '', '', '0000-00-00', 'Operation', '', '', '', 'default.png', 'default.jpg', '0000-00-00 00:00:00', '2015-12-10 07:12:09', '528434', 0, '', '293', 0, 0),
(294, '2', 194, 'Ronald', 'Tedjasasmita', 'rtedjas@gmail.com', '3c52186f43ce0c27bde3a0b123efb529', '', 'Jakarta Pusat , DKI Jakarta', 'Mampang Prapatan Raya 76 D', '', '1972-04-14', 'Principal', '', '', '0816106327', 'default.png', 'default.jpg', '2015-12-10 08:25:04', '2015-12-10 08:18:08', '560623', 0, '', '294', 1, 0),
(295, '2', 1, 'Rori', 'Jiwa Putra', 'rputra@binus.edu', 'a5352fcc9053550c855f6c6e06c174e7', '', 'Jakarta Barat , DKI Jakarta', 'KH Syahdan no 20, Palmerah Jakarta Barat', 'M', '1986-04-17', 'Account Officer', '', '', '08998477841', 'default.png', 'default.jpg', '2015-12-10 09:21:10', '2015-12-10 08:26:03', '344061', 1, '', '295', 1, 0),
(296, '2', 196, 'Robert', 'Tandiyo', 'robert.tan@iverson.co.id', 'c98cd7c113b9218e08db51f135436b02', '', 'Jakarta Selatan , DKI Jakarta', 'CHASE PLAZA LANTAI 2 KAV.21 SUDIRMAN', 'M', '1983-05-15', 'Sales Manager', '', '', '081310328282', 'default.png', 'default.jpg', '2015-12-10 08:32:36', '2015-12-10 08:28:29', '512748', 0, '', '296', 1, 0),
(298, '2', 5, 'training', 'cigma', 'training@cigmalearning.com', '5584c07af40a6ab6a9b9c8cca2a97823', '', '', '', '', '0000-00-00', 'Manager', '', '', '081280442434', 'default.png', 'default.jpg', '0000-00-00 00:00:00', '2015-12-10 09:27:33', '774981', 0, '', '298', 1, 0),
(299, '1', 201, 'khairul', 'ahwan', 'khairulahwan2007@gmail.com', '5d75a2bcc0dcde61a310119257cb9fc5', '', '', '', '', '0000-00-00', 'Marketing', 'Senior', 'General Suplier', '087771312558', 'default.png', 'default.jpg', '0000-00-00 00:00:00', '2015-12-10 23:01:21', '534314', 0, '', '299', 1, 0),
(300, '2', 202, 'prosafe', 'institute', 'admin@prosafe.co.id', 'ecc7292d7d20d234a2ee9f5db62373ad', '', '', '', '', '0000-00-00', 'marketing manager', '', '', '082114155477', 'default.png', 'default.jpg', '0000-00-00 00:00:00', '2015-12-11 08:22:13', '113442', 0, '', '300', 1, 0),
(301, '2', 203, 'Arif ', 'Muliyawan', 'ntbarifmuliyawan@gmail.com', '916309ce0accb9ce72af657534f78154', '', '', '', '', '0000-00-00', 'Marketing', '', '', '081321400884', 'default.png', 'default.jpg', '0000-00-00 00:00:00', '2015-12-11 09:15:03', '878359', 0, '', '301', 1, 0),
(302, '2', 204, 'Sudung', 'Samosir', 'sudungsidari@gmail.com', '25d55ad283aa400af464c76d713c07ad', '', 'Surabaya , Jawa Timur', '', 'M', '1984-05-31', 'Consultant Trainer / Head', '', '', '081231517487', 'Foto_Linkedin.jpg', 'office_new_looking.jpg', '2016-01-12 00:23:11', '2015-12-14 09:55:29', '796859', 7, '', '302', 1, 0),
(306, '1', 207, 'Kredit', 'Online', 'kreditonlineid@gmail.com', '', '', '', '', '', '0000-00-00', 'CEO', '', '', '', 'default.png', 'default.jpg', '0000-00-00 00:00:00', '2015-12-15 11:11:43', '572128', 0, '', '306', 0, 0),
(307, '3', 0, 'Fandy', 'Limardi', 'fandy.limardi@yahoo.com', '', '', '', '', '', '0000-00-00', '', '', '', '', 'default.png', 'default.jpg', '0000-00-00 00:00:00', '2015-12-15 12:42:34', '750581', 0, '', '307', 0, 0),
(309, '2', 209, 'Mario', 'Suripatty', 'info@ptindotraining.com', 'c5e02b3b7c7abf2a013228111ea6ad01', '', 'Balikpapan , Kalimantan Timur', 'Jalan Martadinata no.12 RT 17 Mekarsari', 'M', '1969-01-10', 'Operations Manager', '', '', '+6281384299773', 'Mario.jpg', 'INDO_TRAINING_250.jpg', '2015-12-16 07:03:06', '2015-12-16 06:39:39', '327325', 0, '', '309', 1, 0),
(311, '2', 210, 'Jufiandi', 'Junizir', 'jufiandi@yahoo.com', 'c7ea29db881cba9e463da3b08fd94000', '', 'Jakarta Selatan , DKI Jakarta', '', 'M', '1974-08-18', 'LMI Director', '', '', '+62811131216', 'Jufi_cropped_-_300x300.JPG', 'default.jpg', '2015-12-16 07:52:24', '2015-12-16 07:16:35', '684731', 0, '', '311', 1, 0),
(312, '2', 211, 'Ikin', 'Solikin ', 'ikin008@gmail.com', '84be97d827ac2eca4fc85df5a1be5396', '', '', '', '', '0000-00-00', 'Founder/Director', '', '', '081280908338', 'default.png', 'default.jpg', '0000-00-00 00:00:00', '2015-12-16 08:34:35', '859041', 0, '', '312', 1, 0),
(313, '1', 212, 'Winarno', 'Winarno', 'winarno92@gmail.com', '', '', '', '', '', '0000-00-00', 'Service Quality Manager ', '', '', '', 'default.png', 'default.jpg', '0000-00-00 00:00:00', '2015-12-16 08:36:43', '159979', 0, '', '313', 0, 0),
(314, '3', 0, 'Malwin', 'win', 'anakbinusian@gmail.com', '7018384dfd9d921dc5684cc0bb948fa7', '', '', '', '', '0000-00-00', '', '', '', '089502596709', 'default.png', 'default.jpg', '0000-00-00 00:00:00', '2015-12-16 15:20:58', '', 0, '', '314', 0, 0),
(315, '2', 213, 'ONG', 'HENGKIE', 'hcsi@konsultan-hrd.com', '7723f2df15e0a119ce7ee7f76df68813', '', '', '', '', '0000-00-00', 'CEO', '', '', '0818800911', 'default.png', 'default.jpg', '2015-12-17 02:37:33', '2015-12-17 02:28:45', '746467', 0, '', '315', 1, 0),
(316, '3', 0, 'Selvi', 'Oktavia', 'selviktv@yahoo.com', '5db0ad3bef5dea93961e936e767bea8a', '', '', '', '', '0000-00-00', '', '', '', '085210376259', 'default.png', 'default.jpg', '0000-00-00 00:00:00', '2015-12-20 12:53:46', '', 0, '', '316', 0, 0),
(317, '2', 214, 'Gallantino', 'Farman', 'gallantino@dannydarussalam.com', '4c944a93a439dcd35fc55e9dff19d4d4', '', '', '', '', '0000-00-00', 'Research & Training Coordinator', '', '', '087889500831', 'default.png', 'default.jpg', '0000-00-00 00:00:00', '2015-12-23 08:31:36', '242490', 0, '', '317', 1, 0),
(318, '2', 214, 'Eny', 'Marliana', 'eny@dannydarussalam.com', '501f85c49938f89fa4d410f69d6c0a55', '', '', '', '', '0000-00-00', 'Research & Training Administration', '', '', '08158980228', 'default.png', 'default.jpg', '2015-12-23 10:35:58', '2015-12-23 08:33:40', '209184', 0, '', '318', 1, 0),
(319, '2', 214, 'ANA', 'LAILATUL', 'ana_lailatul@dannydarussalam.com', '325c8a0e0da9ca3f24c79478482f7a05', '', '', '', '', '0000-00-00', 'Research & Training Marketing Administrator', '', '', '085736758158', 'default.png', 'default.jpg', '0000-00-00 00:00:00', '2015-12-23 08:34:16', '458324', 0, '', '319', 1, 0),
(320, '1', 234, 'hen', 'dry', 'hendrybadut@gmail.com', 'e74837c4f86b1ddb2bc0b728a5c63a03', '', '', '', '', '0000-00-00', '', '', '', '08123421', 'default.png', 'default.jpg', '0000-00-00 00:00:00', '2015-12-23 10:25:34', '', 0, '', '320', 0, 0),
(321, '1', 131, 'test', 'test', 'adhywiraxx@gmail.com', '', '', '', '', '', '0000-00-00', 'test', '', '', '', 'default.png', 'default.jpg', '0000-00-00 00:00:00', '2015-12-23 15:36:37', '328736', 0, '', '321', 0, 0),
(322, '2', 2, 'adhy', 'wira', 'providerbaru@gmail.com', '46f94c8de14fb36680850768ff1b7f2a', '', '', '', '', '0000-00-00', 'provida', '', '', '08123123', 'default.png', 'default.jpg', '0000-00-00 00:00:00', '2015-12-23 15:37:37', '752923', 1, '', '322', 1, 0),
(323, '1', 217, 'test', 'testtt', 'testah@gmail.com', '', '', '', '', '', '0000-00-00', 'teasd', '', '', '', 'default.png', 'default.jpg', '0000-00-00 00:00:00', '2015-12-23 15:39:35', '672609', 0, '', '323', 0, 0),
(324, '2', 219, 'Quantum', 'Solusindo', 'quantum.solusindo@gmail.com', '34cadfc1a1f659d8ee7c268231fdbd3a', '', '', '', '', '0000-00-00', 'CEO/Managing Partner', '', '', '081297616198', 'default.png', 'default.jpg', '2015-12-29 11:48:38', '2015-12-29 09:59:15', '373843', 0, '', '324', 1, 0),
(326, '3', 0, 'Baedillah', ',Se', 'baedillah@yahoo.com', 'b283aa482505c7203fdb703084532916', '', 'Jakarta Selatan , DKI Jakarta', 'Genteng hijau no 11', 'M', '1974-06-25', '', '', '', '081808326064', 'IMG_0774.JPG', 'IMG_20151127_161055.jpg', '0000-00-00 00:00:00', '2016-01-01 12:04:15', '', 0, '', '326', 0, 0),
(327, '1', 0, 'fandy', 'test', 'tester22speaqus@gmail.com', '1a1233cfb69d7f27211e36aff9ec373a', '', '', '', '', '0000-00-00', '', '', '', '+6278123321', 'default.png', 'default.jpg', '0000-00-00 00:00:00', '2016-01-05 16:50:15', '', 0, '', '327', 0, 0),
(328, '1', 220, 'Sam', 'Alkaaf', 's_alwie@yahoo.com', 'faae52b53ad80209f57cb48479442736', '', '', '', '', '0000-00-00', 'DIRECTOR', 'CEO', 'HRD Services Provider', '+62811911856', 'default.png', 'default.jpg', '0000-00-00 00:00:00', '2016-01-06 02:38:18', '660596', 0, '', '328', 1, 0),
(329, '3', 0, 'Makin Perdana ', 'Kusuma', 'mkusuma@brm.co.id', '', '', '', '', '', '0000-00-00', '', '', '', '', 'default.png', 'default.jpg', '0000-00-00 00:00:00', '2016-01-06 02:43:01', '275072', 0, '', '329', 0, 0),
(330, '3', 204, 'rudi', 'situmorang', 'iamsitumorang@gmail.com', '684ebd2d99ec3c5b615cb21773c4ac01', '', 'Surabaya , Jawa Timur', 'surabaya', 'M', '1980-03-25', 'Trainer', '', '', '081238366299', 'pasfoto.jpg', 'default.png', '2016-01-07 13:42:06', '2016-01-07 08:56:55', '577878', 0, '', '330', 1, 0),
(331, '3', 0, '', '', 'furry.pooh@gmail.com', '', '', '', '', '', '0000-00-00', '', '', '', '', 'default.png', 'default.png', '0000-00-00 00:00:00', '2016-01-07 08:57:23', '311465', 0, '', '331', 0, 0),
(332, '3', 0, 'Maria Devi', 'Rahmayanti', 'devim78@ymail.com', '5fc71717246b3454ad8a50ed7b011458', '', '', '', '', '0000-00-00', '', '', '', '082231051598', 'default.png', 'default.png', '0000-00-00 00:00:00', '2016-01-07 08:59:04', '552000', 0, '', '332', 0, 0),
(333, '3', 0, '', '', 'lidiaaprillia@gmail.com', '', '', '', '', '', '0000-00-00', '', '', '', '', 'default.png', 'default.png', '0000-00-00 00:00:00', '2016-01-07 09:05:25', '742766', 0, '', '333', 0, 0),
(334, '3', 9, 'Adhy', 'Wiranata', 'adhywiranatap@gmail.com', 'e807f1fcf82d132f9bb018ca6738a19f', '', '', '', '', '0000-00-00', 'CTO', '', '', '0818910171', 'default.png', 'default.png', '2016-01-07 12:06:20', '2016-01-07 11:29:57', '732948', 0, '', '334', 1, 0),
(335, '1', 222, 'Sasongko', 'DwiCahyo', 'sasongkodc@yahoo.co.id', '745999096cdb785109266f875c652105', '', '', '', '', '0000-00-00', 'Senior Sales Executive', 'Senior', 'Otomotive', '08129828849', 'default.png', 'default.jpg', '2016-01-09 10:31:06', '2016-01-07 13:06:33', '865500', 0, '', '335', 1, 0),
(336, '1', 223, 'Susi', 'Sasongko', 'susi_sasongko@yahoo.co.id', '', '', '', '', '', '0000-00-00', 'Director', '', '', '', 'default.png', 'default.jpg', '0000-00-00 00:00:00', '2016-01-07 13:11:09', '183503', 0, '', '336', 0, 0),
(337, '3', 0, '', '', 'lidia.kdi@ptkdi.com', '', '', '', '', '', '0000-00-00', '', '', '', '', 'default.png', 'default.png', '0000-00-00 00:00:00', '2016-01-07 13:40:37', '228146', 0, '', '337', 0, 0),
(338, '3', 0, '', '', 'santohasiholan@gmail.com', '', '', '', '', '', '0000-00-00', '', '', '', '', 'default.png', 'default.png', '0000-00-00 00:00:00', '2016-01-07 14:04:47', '580205', 0, '', '338', 0, 0),
(339, '3', 0, '', '', 'dewievanalisinaga@yahoo.com', '', '', '', '', '', '0000-00-00', '', '', '', '', 'default.png', 'default.png', '0000-00-00 00:00:00', '2016-01-07 14:09:07', '531566', 0, '', '339', 0, 0),
(340, '3', 204, 'Joseph', 'Siahaan', 'josephsiahaan1986@gmail.com', '451508e9291f04504642dfaf18e18f74', '', 'Surabaya , Jawa Timur', 'Perum Wisma Indah J / 03', 'M', '1986-06-10', 'Trainer ', '', '', '082231167103', '1533910_10201069613813830_2134025469_n.jpg', 'training8889.jpg', '0000-00-00 00:00:00', '2016-01-07 14:51:09', '421846', 0, '', '340', 1, 0),
(341, '3', 224, 'wakmon', 'wakmon', 'drsbudimansudijono@gmail.com', 'd881e312ffb776cb76be651bcc704463', '', '', '', '', '0000-00-00', 'seo', '', '', '085730702762', 'default.png', 'default.jpg', '2016-01-07 16:20:24', '2016-01-07 16:13:34', '217316', 0, '', '341', 1, 0),
(342, '2', 9, 'contoh', 'provider', 'contohprovider@gmail.com', '46f94c8de14fb36680850768ff1b7f2a', '', 'Jakarta Barat , DKI Jakarta', 'Jakarta', 'M', '0000-00-00', 'Chief Technology Officer', '', '', '085881029283', 'hyouka_girl_brunette_ice_cream_40510_2048x20481.jpg', 'Most-Beautiful-Nature-Wallpaper1.jpg', '2016-01-11 06:41:19', '2016-01-08 02:50:21', '464451', 0, '', '342', 1, 0),
(343, '3', 0, '', '', 'budiraharjotesterspeaqus@gmail.com', '', '', '', '', '', '0000-00-00', '', '', '', '', 'default.png', 'default.png', '0000-00-00 00:00:00', '2016-01-08 03:26:07', '278557', 0, '', '343', 0, 0),
(344, '3', 0, '', '', 'contohspeaqustest@gmail.com', '', '', '', '', '', '0000-00-00', '', '', '', '', 'default.png', 'default.png', '0000-00-00 00:00:00', '2016-01-08 03:30:51', '611209', 0, '', '344', 0, 0),
(345, '3', 0, '', '', 'budogakjelas@gmail.com', '', '', '', '', '', '0000-00-00', '', '', '', '', 'default.png', 'default.png', '0000-00-00 00:00:00', '2016-01-08 03:36:51', '837166', 0, '', '345', 0, 0),
(346, '3', 0, 'yadi', 'yadi', 'noeryadi_73@yahoo.co.id', 'a567f6ab4ac6dd38057ae1cdf606e7d8', '', '', '', '', '0000-00-00', '', '', '', '082113401007', 'default.png', 'default.png', '0000-00-00 00:00:00', '2016-01-08 05:41:01', '923180', 0, '', '346', 0, 0),
(347, '1', 0, 'mas', 'yoyo', 'masyoyo@gmail.com', 'bfd59291e825b5f2bbf1eb76569f8fe7', '', '', '', '', '0000-00-00', '', '', '', '08123123', 'default.png', 'default.jpg', '0000-00-00 00:00:00', '2016-01-08 08:22:10', '', 0, '', '347', 0, 0),
(349, '3', 226, 'Novasta', '.', 'novasta4world@gmail.com', '72da530c9e9adc56030c8b1d56ed0aca', '', '', '', '', '0000-00-00', 'Sales Division Head', '', '', '0811762797', 'default.png', 'default.jpg', '0000-00-00 00:00:00', '2016-01-09 10:19:25', '371611', 0, '', '349', 1, 0),
(351, '2', 228, 'Fandy', 'Limardi', 'fandy.limardi@gmail.com', '46f94c8de14fb36680850768ff1b7f2a', '', '', '', '', '0000-00-00', 'CEO', '', '', '0818910171', 'default.png', 'default.jpg', '2016-01-21 06:56:25', '2016-01-09 10:46:18', '857103', 0, '', '351', 1, 0),
(352, '3', 0, '', '', 'contohtrainerasal123@gmail.com', '', '', '', '', '', '0000-00-00', '', '', '', '', 'default.png', 'default.png', '0000-00-00 00:00:00', '2016-01-09 13:18:26', '810316', 0, '', '352', 0, 0),
(354, '3', 9, 'Jonathan', 'Toby', 'jonathan.toby@yahoo.co.id', '1283dc84158faf573b833cad38c7beba', '', '', '', '', '0000-00-00', 'CEO', '', '', '08979549831', 'default.png', 'default.jpg', '2016-01-14 10:51:11', '2016-01-09 14:37:43', '887659', 1, '', '354', 1, 0),
(355, '1', 9, 'Jonathan ', 'Toby', 'jonathan.toby@speaqus.com', '1283dc84158faf573b833cad38c7beba', '', '', '', '', '0000-00-00', 'CEO', 'Chief X Officer (CxO)', 'Accounting', '08979549831', 'default.png', 'default.jpg', '0000-00-00 00:00:00', '2016-01-09 14:38:45', '728942', 0, '', '355', 0, 0),
(356, '1', 230, 'gadung', 'gadung', 'companygadunganspeaqus@gmail.com', '', '', '', '', '', '0000-00-00', 'ceo', '', '', '', 'default.png', 'default.jpg', '0000-00-00 00:00:00', '2016-01-09 14:41:47', '654950', 0, '', '356', 0, 0),
(357, '1', 231, 'dodol', 'gadungan', 'dodolgadunganspeaqus@gmail.com', '', '', '', '', '', '0000-00-00', 'asdasd', '', '', '', 'default.png', 'default.jpg', '0000-00-00 00:00:00', '2016-01-09 15:37:13', '947371', 0, '', '357', 0, 0),
(358, '1', 232, 'asdasd', 'asdasd', 'dodolhendrysepeaqus@gmail.com', '', '', '', '', '', '0000-00-00', 'cvbcvbcvb', '', '', '', 'default.png', 'default.jpg', '0000-00-00 00:00:00', '2016-01-09 15:56:58', '127696', 0, '', '358', 0, 0),
(359, '1', 229, 'Testing', 'Speaqus', 'cobacobatesting@speaqus.com', '', '', '', '', '', '0000-00-00', 'COO', '', '', '', 'default.png', 'default.jpg', '0000-00-00 00:00:00', '2016-01-09 15:58:34', '124415', 0, '', '359', 0, 0),
(360, '1', 233, 'endyr', 'garong', 'hendrykucinggarong@gmail.com', '', '', '', '', '', '0000-00-00', 'vxcvxcv', '', '', '', 'default.png', 'default.jpg', '0000-00-00 00:00:00', '2016-01-09 16:05:06', '664092', 0, '', '360', 0, 0),
(361, '1', 229, 'HAHA', 'HUHU', 'hahahuhu@yahoo.com', '', '', '', '', '', '0000-00-00', 'COO', '', '', '', 'default.png', 'default.jpg', '0000-00-00 00:00:00', '2016-01-09 17:33:33', '833554', 0, '', '361', 0, 0);
INSERT INTO `user` (`user_id`, `role_id`, `group_id`, `first_name`, `last_name`, `email`, `password`, `summary`, `area`, `address`, `gender`, `dob`, `current_job_position`, `job_level`, `industry_type`, `phone_number`, `profile_image`, `cover_image`, `last_online`, `registration_date`, `key_code`, `credit`, `personality_test`, `user_slug`, `is_active`, `is_verified_email`) VALUES
(362, '3', 0, 'adasd', 'asdasd', 'asdasd@gmail.com', '1283dc84158faf573b833cad38c7beba', '', '', '', '', '0000-00-00', '', '', '', '032843284329', 'default.png', 'default.jpg', '0000-00-00 00:00:00', '2016-01-09 19:01:08', '', 0, '', '362', 0, 0),
(363, '1', 237, 'hen', 'dry', 'hendrykentut@gmail.com', '', '', '', '', '', '0000-00-00', 'sadasd1232123', '', '', '', 'default.png', 'default.jpg', '0000-00-00 00:00:00', '2016-01-09 19:10:42', '611163', 0, '', '363', 0, 0),
(364, '2', 239, 'Tim', 'Educipta', 'kontak.educipta@gmail.com', 'f2a69f61bf9a2ca4dc60c756563ba7e7', '', 'Tangerang , Banten', 'Jalan Ciledug Raya No.35 Blok 2A Kel.Kreo Kec.Larangan', 'M', '1991-04-23', 'Marketing', '', '', '083877748628', 'avatar.png', 'default.jpg', '2016-01-11 05:55:48', '2016-01-11 04:25:31', '689876', 0, '', '364', 1, 0),
(365, '1', 241, 'test', 'test', 'terter_330@gmail.com', '', '', '', '', '', '0000-00-00', 'qweqweqwe123', '', '', '', 'default.png', 'default.jpg', '0000-00-00 00:00:00', '2016-01-11 05:30:41', '806700', 0, '', '365', 0, 0),
(368, '2', 246, 'mayoo', 'mochtar', 'coachmayoo@gmail.com', 'faf51f572ba6c7fcba5292b029716cd9', '', '', '', '', '0000-00-00', 'Founder & Coach', '', '', '082114336689', 'default.png', 'default.jpg', '2016-01-11 06:54:35', '2016-01-11 06:52:00', '357783', 0, '', '368', 1, 0),
(369, '3', 0, 'Ardiansyah', 'xx', 'ardi_bir@yahoo.co.id', '', '', '', '', '', '0000-00-00', '', '', '', '', 'default.png', 'default.jpg', '0000-00-00 00:00:00', '2016-01-11 06:53:44', '387687', 0, '', '369', 0, 0),
(370, '2', 247, 'Humanis', 'Group', 'puji@humanisgroup.co.id', 'ad2b28935aa5117e952c77067d1d3261', '', 'Jakarta Selatan , DKI Jakarta', 'Jl. Bangka Raya No 42A-1 Pela Mampang Jakarta Selatan', 'M', '0000-00-00', 'Owner', '', '', '089692217428', 'humanis.jpg', 'logo_humanis.jpg', '2016-02-02 03:30:36', '2016-01-11 07:14:34', '477604', 0, '', '370', 1, 0),
(371, '2', 215, 'Hendry', 'Setiadi', 'testprovider@gmail.com', 'f4dfad803df83144a5be86d9bca87678', '', '', '', '', '0000-00-00', 'lala', '', '', '090909090909', 'default.png', 'default.jpg', '2016-01-11 07:28:08', '2016-01-11 07:15:28', '384821', 0, '', '371', 1, 0),
(372, '2', 194, 'Ronald', 'Tedjasasmita', 'rt@roligiogroup.com', '0ba543b6880373751f678f98ed1a2773', '', 'Jakarta Selatan , DKI Jakarta', '', 'M', '0000-00-00', 'Principal', '', '', '0816106327', 'IMG_3733_(2).JPG', '271775484-Your-Authentic-Self-quote.jpg', '2016-01-13 03:33:29', '2016-01-11 07:40:47', '343923', 0, '', '372', 1, 0),
(373, '3', 0, '', '', 'tds@roligiogroup.com', '', '', '', '', '', '0000-00-00', '', '', '', '', 'default.png', 'default.png', '0000-00-00 00:00:00', '2016-01-11 07:52:12', '283602', 0, '', '373', 0, 0),
(374, '3', 0, '', '', 'os@roligiogroup.com', '', '', '', '', '', '0000-00-00', '', '', '', '', 'default.png', 'default.png', '0000-00-00 00:00:00', '2016-01-11 07:52:21', '782990', 0, '', '374', 0, 0),
(376, '1', 264, 'Andi', 'Kusuma', 'improcon3@gmail.com', '8bb637da3db8e3c7b2d458b440d1f122', '', '', '', '', '0000-00-00', 'Administrasi Training & Support', '', 'Perusahaan Jasa di Bidang Rekrutmen dan Pelatihan Tenaga Kerja, Serta Konsultan Manajemen Sumber Day', '081317631618', 'default.png', 'default.jpg', '2016-01-12 06:43:49', '2016-01-12 06:18:15', '834458', 0, '', '376', 1, 0),
(377, '3', 0, '', '', 'untukfajar@gmail.com', '', '', '', '', '', '0000-00-00', '', '', '', '', 'default.png', 'default.png', '0000-00-00 00:00:00', '2016-01-13 02:48:28', '861770', 0, '', '377', 0, 0),
(378, '1', 2, 'asdasd', 'asdasd', 'asdasdsaxvcxcvd@gmail.com', '', '', '', '', '', '0000-00-00', 'qweqwqwq', '', '', '', 'default.png', 'default.jpg', '0000-00-00 00:00:00', '2016-01-13 04:45:00', '725489', 0, '', '378', 0, 0),
(380, '2', 9, 'Jonathan ', 'Toby', 'jonathan.toby94@gmail.com', '1283dc84158faf573b833cad38c7beba', '', '', '', '', '0000-00-00', 'CEO', '', '', '0897959549831', 'default.png', 'default.jpg', '2016-02-01 10:52:41', '2016-01-15 05:11:35', '613366', 0, '', '380', 1, 0),
(381, '1', 269, 'Robit', 'Amzari', 'robit.amzari@gmail.com', '758adfd89aadb2ea42d4f21f786dd0ff', '', '', '', '', '0000-00-00', 'Human Capital', 'senior manager', 'Financial Services', '085945447949', 'default.png', 'default.jpg', '2016-02-02 03:38:06', '2016-01-18 07:03:52', '151043', 0, '', '381', 1, 0),
(382, '3', 0, '', '', 'marhudalan@yahoo.com', '', '', '', '', '', '0000-00-00', '', '', '', '', 'default.png', 'default.png', '0000-00-00 00:00:00', '2016-01-22 13:34:46', '656740', 0, '', '382', 0, 0),
(383, '3', 0, 'Karyana ', 'Hutomo', 'khutomo03@yahoo.com', '827ccb0eea8a706c4c34a16891f84e7b', '', '', '', '', '0000-00-00', '', '', '', '08179826796', 'default.png', 'default.jpg', '0000-00-00 00:00:00', '2016-01-23 10:57:34', '', 0, '', '383', 0, 0),
(386, '1', 0, 'alsdasd', 'askdoaksd', 'dodolspeaqustest@gmail.com', '1a1233cfb69d7f27211e36aff9ec373a', '', '', '', '', '0000-00-00', '', '', '', '08123132', 'default.png', 'default.jpg', '0000-00-00 00:00:00', '2016-01-27 01:44:51', '', 0, '', '386', 0, 0),
(387, '1', 0, 'speaqus', 'testing', 'speaqustesting123@gmail.com', '200820e3227815ed1756a6b531e7e0d2', '', '', '', '', '0000-00-00', '', '', '', '08123123123', 'default.png', 'default.jpg', '0000-00-00 00:00:00', '2016-01-27 01:45:29', '', 0, '', '387', 0, 0),
(388, '2', 0, 'speaqus', 'testing', 'speaqustesting1234@gmail.com', '46f94c8de14fb36680850768ff1b7f2a', '', '', '', '', '0000-00-00', '', '', '', '08123123', 'default.png', 'default.jpg', '0000-00-00 00:00:00', '2016-01-27 01:46:05', '', 0, '', '388', 0, 0),
(389, '3', 0, 'speaqus', 'trainer', 'speaqustesting12345@gmail.com', '46f94c8de14fb36680850768ff1b7f2a', '', '', '', '', '0000-00-00', '', '', '', '08123123', 'default.png', 'default.jpg', '0000-00-00 00:00:00', '2016-01-27 01:46:42', '', 0, '', '389', 0, 0),
(390, '1', 2, 'testing', 'provider', 'testingprovider@gmail.com', '46f94c8de14fb36680850768ff1b7f2a', '', '', '', '', '0000-00-00', 'tester', '', '', '08123123', 'default.png', 'default.jpg', '2016-01-27 12:26:18', '2016-01-27 12:16:24', '595869', 0, '', '390', 1, 0),
(391, '2', 229, 'Jonathan', 'Toby', 'JONA@yahoo.com', '1e84eb1578d61db3795db9ffab6e22dc', '', '', '', '', '0000-00-00', 'CEO', '', '', '0896948382', 'default.png', 'default.jpg', '0000-00-00 00:00:00', '2016-02-01 10:53:19', '528691', 0, '', '391', 1, 0),
(392, '2', 0, 'Mark', 'pPNItfvGLdzODK', 'mark357177@hotmail.com', 'ed1587d8b821d5e2f3574fca6e7d8475', '', '', '', '', '0000-00-00', '', '', '', '92624644771', 'default.png', 'default.jpg', '0000-00-00 00:00:00', '2016-02-02 05:33:27', '', 0, '', '392', 0, 0);

/*!40101 SET CHARACTER_SET_CLIENT=@OLD_CHARACTER_SET_CLIENT */;
/*!40101 SET CHARACTER_SET_RESULTS=@OLD_CHARACTER_SET_RESULTS */;
/*!40101 SET COLLATION_CONNECTION=@OLD_COLLATION_CONNECTION */;
